"Statutaire naam";"Handelsnaam";"Plaats";"Land"
"2PM Investment SICAV";"2PM Investment SICAV";"LUXEMBURG";"Luxemburg"
"88% MAX NAV";"88% MAX NAV";"COURBEVOIE";"Frankrijk"
"AB FCP I";"AB FCP I";"LUXEMBURG";"Luxemburg"
"AB FCP II";"AB FCP II";"LUXEMBURG";"Luxemburg"
"AB SICAV I";"AB SICAV I";"LUXEMBURG";"Luxemburg"
"Aberdeen Global II";"Aberdeen Global II";"LUXEMBURG";"Luxemburg"
"Aberdeen GlobalSpectrum Funds Plc";"Aberdeen GlobalSpectrum Funds Plc";"DUBLIN 1";"Ierland"
"Aberdeen Standard SICAV I";"Aberdeen Standard SICAV I";"LUXEMBURG";"Luxemburg"
"ABN AMRO Fund";"ABN AMRO Fund";"HOWALD-HESPERANGE";"Luxemburg"
"ABN AMRO Total Return Global Equities";"ABN AMRO Total Return Global Equities";"PARIJS";"Frankrijk"
"Absolute Insight Funds plc";"Absolute Insight Funds plc";"DUBLIN 2";"Ierland"
"AC Alternative";"AC Alternative";"LUXEMBURG";"Luxemburg"
"ACATIS - GANÉ VALUE EVENT FONDS UI";"ACATIS - GANÉ VALUE EVENT FONDS UI";"Frankfurt am Main";"Duitsland"
"ACATIS Aktien Global Fonds UI";"ACATIS Aktien Global Fonds UI";"Frankfurt am Main";"Duitsland"
"Acatis Investment KVG mbh";"Acatis Investment KVG mbh";"Frankfurt am Main";"Duitsland"
"Acatis lfK Value Renten UI";"Acatis lfK Value Renten UI";"Frankfurt am Main";"Duitsland"
"ACTIAM (L)";"ACTIAM (L)";"SENNINGERBERG";"Luxemburg"
"Adelphi Investment Funds plc";"Adelphi Investment Funds plc";"DUBLIN 2";"Ierland"
"Adequity Reference Monetaire";"Adequity Reference Monetaire";"PARIS LA DÉFENSE 7 CEDEX";"Frankrijk"
"Aegon Asset Management Europe ICAV";"Aegon Asset Management Europe ICAV";"DUBLIN 1";"Ierland"
"AEGON Investment Management B.V.";"Aegon Asset Management, Kames Capital, TKPI, TKP Investments, AEGON Investment Management B.V.";"'s-Gravenhage";"Nederland"
"Agressor";"Agressor";"PARIJS";"Frankrijk"
"Akbank TURKISH SICAV";"Akbank TURKISH SICAV";"BERTRANGE";"Luxemburg"
"Alessia";"Alessia";"Luxemburg";"Luxemburg"
"Alfred Berg Høyrente";"Alfred Berg Høyrente";"VIKA";"Noorwegen"
"Algebris UCITS Funds Plc";"Algebris UCITS Funds Plc";"Dublin 2";"Ierland"
"Alger SICAV";"Alger SICAV";"LUXEMBURG";"Luxemburg"
"Alias Investment";"Alias Investment";"LUXEMBURG";"Luxemburg"
"Alken Fund";"Alken Fund";"LUXEMBURG";"Luxemburg"
"AllianceBernstein (Luxembourg) S.A.R.L.";"AllianceBernstein (Luxembourg) S.A.R.L.";"LUXEMBURG";"Luxemburg"
"Allianz Dresdner Asset Management Luxembourg S.A.";"Allianz Dresdner Asset Management Luxembourg S.A.";"LUXEMBURG";"Luxemburg"
"Allianz Euro Oblig Court Terme ISR";"Allianz Euro Oblig Court Terme ISR";"PARIJS";"Frankrijk"
"Allianz European Pension Investments";"Allianz European Pension Investments";"SENNINGERBERG";"Luxemburg"
"Allianz Global Investors Fund SICAV";"Allianz Global Investors Fund SICAV";"SENNINGERBERG";"Luxemburg"
"Allianz Global Investors Fund V";"Allianz Global Investors Fund V";"DUBLIN 1";"Ierland"
"Allianz Global Investors Fund VII";"Allianz Global Investors Fund VII";"DUBLIN 2";"Ierland"
"Allianz Paraplufonds N.V.";"Allianz Paraplufonds N.V., Allianz Paraplufonds N.V.";"Rotterdam";"Nederland"
"Alpha UCITS SICAV";"Alpha UCITS SICAV";"LUXEMBURG";"Luxemburg"
"Alquity SICAV";"Alquity SICAV";"MAMER";"Luxemburg"
"American Century Sicav";"American Century Sicav";"LUXEMBURG";"Luxemburg"
"AMP Capital Funds SICAV";"AMP Capital Funds SICAV";"LUXEMBURG";"Luxemburg"
"AMUNDI 12 M";"AMUNDI 12 M";"PARIJS CEDEX 15";"Frankrijk"
"AMUNDI 12-24 M";"AMUNDI 12-24 M";"PARIJS CEDEX 15";"Frankrijk"
"AMUNDI 3 - 6 M";"AMUNDI 3 - 6 M";"PARIJS";"Frankrijk"
"AMUNDI 3 M";"AMUNDI 3 M";"PARIJS CEDEX 15";"Frankrijk"
"AMUNDI 6 M";"AMUNDI 6 M";"PARIJS CEDEX 15";"Frankrijk"
"Amundi ABS";"Amundi ABS";"PARIJS CEDEX 15";"Frankrijk"
"Amundi Asset Management";"Amundi Asset Management";"Parijs";"Frankrijk"
"Amundi Cash Institutions SRI";"Amundi Cash Institutions SRI";"PARIJS CEDEX 15";""
"AMUNDI ETF Cash 3 Months EuroMTS Investment Grade";"AMUNDI ETF Cash 3 Months EuroMTS Investment Grade";"PARIJS CEDEX 15";"Frankrijk"
"AMUNDI ETF Commodities S&P GSCI Metals";"AMUNDI ETF Commodities S&P GSCI Metals";"PARIJS CEDEX 15";"Frankrijk"
"AMUNDI ETF Euro Corporate Ex Financials IBOXX";"AMUNDI ETF Euro Corporate Ex Financials IBOXX";"PARIJS CEDEX 15";"Frankrijk"
"AMUNDI ETF Euro Corporate Financials IBOXX";"AMUNDI ETF Euro Corporate Financials IBOXX";"PARIJS CEDEX 15";"Frankrijk"
"AMUNDI ETF Euro Corporates";"AMUNDI ETF Euro Corporates";"PARIJS CEDEX 15";"Frankrijk"
"AMUNDI ETF Euro Inflation UCITS ETF DR";"AMUNDI ETF Euro Inflation UCITS ETF DR";"PARIJS CEDEX 15";"Frankrijk"
"AMUNDI ETF FTSE 100";"AMUNDI ETF FTSE 100";"PARIJS CEDEX 15";"Frankrijk"
"AMUNDI ETF FTSE MIB UCITS ETF";"AMUNDI ETF FTSE MIB UCITS ETF";"PARIJS CEDEX 15";"Frankrijk"
"AMUNDI ETF Global Emerging Bond Markit IBOXX";"AMUNDI ETF Global Emerging Bond Markit IBOXX";"PARIJS CEDEX 15";"Frankrijk"
"AMUNDI ETF Govt Bond EuroMTS Broad Investment Grade";"AMUNDI ETF Govt Bond EuroMTS Broad Investment Grade";"PARIJS CEDEX 15";"Frankrijk"
"AMUNDI ETF Govt Bond EuroMTS Broad Investment Grade 10-15";"AMUNDI ETF Govt Bond EuroMTS Broad Investment Grade 10-15";"PARIJS CEDEX 15";"Frankrijk"
"AMUNDI ETF Govt Bond EuroMTS Broad Investment Grade 1-3 UCITS ETF DR";"AMUNDI ETF Govt Bond EuroMTS Broad Investment Grade 1-3 UCITS ETF DR";"PARIJS CEDEX 15";"Frankrijk"
"AMUNDI ETF Govt Bond EuroMTS Broad Investment Grade 3-5 UCITS ETF DR";"AMUNDI ETF Govt Bond EuroMTS Broad Investment Grade 3-5 UCITS ETF DR";"PARIJS CEDEX 15";"Frankrijk"
"AMUNDI ETF Govt Bond EuroMTS Broad Investment Grade 5-7 UCITS ETF DR";"AMUNDI ETF Govt Bond EuroMTS Broad Investment Grade 5-7 UCITS ETF DR";"PARIJS CEDEX 15";"Frankrijk"
"AMUNDI ETF Govt Bond EuroMTS Broad Investment Grade 7-10 UCITS ETF DR";"AMUNDI ETF Govt Bond EuroMTS Broad Investment Grade 7-10 UCITS ETF DR";"PARIJS CEDEX 15";"Frankrijk"
"AMUNDI ETF Govt Bond Highest Rated EuroMTS Investment Grade";"AMUNDI ETF Govt Bond Highest Rated EuroMTS Investment Grade";"PARIJS CEDEX 15";"Frankrijk"
"AMUNDI ETF Govt Bond Highest Rated EuroMTS Investment Grade 1-3";"AMUNDI ETF Govt Bond Highest Rated EuroMTS Investment Grade 1-3";"PARIJS CEDEX 15";"Frankrijk"
"AMUNDI ETF Govt Bond Lowest Rated EuroMTS Investment Grade";"AMUNDI ETF Govt Bond Lowest Rated EuroMTS Investment Grade";"PARIJS CEDEX 15";"Frankrijk"
"AMUNDI ETF Green Tech Living Planet";"AMUNDI ETF Green Tech Living Planet";"PARIJS CEDEX 15";"Frankrijk"
"AMUNDI ETF JAPAN TOPIX EUR HEDGED DAILY UCITS ETF";"AMUNDI ETF JAPAN TOPIX EUR HEDGED DAILY UCITS ETF";"PARIJS CEDEX 15";"Frankrijk"
"AMUNDI ETF Leveraged Euro Stoxx 50 Daily";"AMUNDI ETF Leveraged Euro Stoxx 50 Daily";"PARIJS CEDEX 15";"Frankrijk"
"AMUNDI ETF Leveraged MSCI Europe Daily";"AMUNDI ETF Leveraged MSCI Europe Daily";"PARIJS CEDEX 15";"Frankrijk"
"AMUNDI ETF Leveraged MSCI USA Daily";"AMUNDI ETF Leveraged MSCI USA Daily";"PARIJS CEDEX 15";"Frankrijk"
"AMUNDI ETF MSCI Brazil";"AMUNDI ETF MSCI Brazil";"PARIJS CEDEX 15";"Frankrijk"
"AMUNDI ETF MSCI China";"AMUNDI ETF MSCI China";"PARIJS CEDEX 15";"Frankrijk"
"AMUNDI ETF MSCI Eastern Europe Ex Russia";"AMUNDI ETF MSCI Eastern Europe Ex Russia";"PARIJS CEDEX 15";"Frankrijk"
"AMUNDI ETF MSCI Emerging Markets";"AMUNDI ETF MSCI Emerging Markets";"PARIJS CEDEX 15";"Frankrijk"
"AMUNDI ETF MSCI EMU High Dividend";"AMUNDI ETF MSCI EMU High Dividend";"PARIJS CEDEX 15";"Frankrijk"
"AMUNDI ETF MSCI Europe Banks";"AMUNDI ETF MSCI Europe Banks";"PARIJS CEDEX 15";"Frankrijk"
"AMUNDI ETF MSCI Europe Communication Services UCITS ETF";"AMUNDI ETF MSCI Europe Communication Services UCITS ETF";"PARIJS CEDEX 15";"Frankrijk"
"AMUNDI ETF MSCI Europe Consumer Discretionary";"AMUNDI ETF MSCI Europe Consumer Discretionary";"PARIJS CEDEX 15";"Frankrijk"
"AMUNDI ETF MSCI Europe Consumer Staples";"AMUNDI ETF MSCI Europe Consumer Staples";"PARIJS CEDEX 15";"Frankrijk"
"AMUNDI ETF MSCI Europe Ex Financials";"AMUNDI ETF MSCI Europe Ex Financials";"PARIJS CEDEX 15";"Frankrijk"
"AMUNDI ETF MSCI Europe Healthcare";"AMUNDI ETF MSCI Europe Healthcare";"PARIJS CEDEX 15";"Frankrijk"
"AMUNDI ETF MSCI Europe High Dividend Factor UCITS ETF";"AMUNDI ETF MSCI Europe High Dividend Factor UCITS ETF";"PARIJS CEDEX 15";"Frankrijk"
"AMUNDI ETF MSCI Europe Industrials";"AMUNDI ETF MSCI Europe Industrials";"PARIJS CEDEX 15";"Frankrijk"
"AMUNDI ETF MSCI Europe Insurance";"AMUNDI ETF MSCI Europe Insurance";"PARIJS CEDEX 15";"Frankrijk"
"AMUNDI ETF MSCI Europe Materials";"AMUNDI ETF MSCI Europe Materials";"PARIJS CEDEX 15";"Frankrijk"
"AMUNDI ETF MSCI EUROPE MINIMUM VOLATILITY FACTOR UCITS ETF";"AMUNDI ETF MSCI EUROPE MINIMUM VOLATILITY FACTOR UCITS ETF";"PARIJS CEDEX 15";"Frankrijk"
"AMUNDI ETF MSCI Europe Utilities";"AMUNDI ETF MSCI Europe Utilities";"PARIJS CEDEX 15";"Frankrijk"
"AMUNDI ETF MSCI Germany";"AMUNDI ETF MSCI Germany";"PARIJS CEDEX 15";"Frankrijk"
"AMUNDI ETF MSCI India";"AMUNDI ETF MSCI India";"PARIJS CEDEX 15";"Frankrijk"
"AMUNDI ETF MSCI Italy UCITS ETF";"AMUNDI ETF MSCI Italy UCITS ETF";"PARIJS CEDEX 15";"Frankrijk"
"AMUNDI ETF MSCI Netherlands";"AMUNDI ETF MSCI Netherlands";"PARIJS CEDEX 15";"Frankrijk"
"AMUNDI ETF MSCI Spain UCITS ETF";"AMUNDI ETF MSCI Spain UCITS ETF";"PARIJS CEDEX 15";"Frankrijk"
"AMUNDI ETF MSCI USA";"AMUNDI ETF MSCI USA";"PARIJS CEDEX 15";"Frankrijk"
"AMUNDI ETF MSCI WORLD";"AMUNDI ETF MSCI WORLD";"PARIJS CEDEX 15";"Frankrijk"
"AMUNDI ETF MSCI World Energy";"AMUNDI ETF MSCI World Energy";"PARIJS CEDEX 15";"Frankrijk"
"AMUNDI ETF MSCI World Ex EMU";"AMUNDI ETF MSCI World Ex EMU";"PARIJS CEDEX 15";"Frankrijk"
"AMUNDI ETF MSCI World Ex Europe";"AMUNDI ETF MSCI World Ex Europe";"PARIJS CEDEX 15";"Frankrijk"
"AMUNDI ETF MSCI World Financials";"AMUNDI ETF MSCI World Financials";"PARIJS CEDEX 15";"Frankrijk"
"AMUNDI ETF NASDAQ-100";"AMUNDI ETF NASDAQ-100";"PARIJS CEDEX 15";"Frankrijk"
"AMUNDI ETF Real Estate REIT IEIF";"AMUNDI ETF Real Estate REIT IEIF";"PARIJS CEDEX 15";"Frankrijk"
"AMUNDI ETF Short Euro Stoxx 50 Daily";"AMUNDI ETF Short Euro Stoxx 50 Daily";"PARIJS CEDEX 15";"Frankrijk"
"AMUNDI ETF Short Govt Bond EuroMTS Broad Investment Grade";"AMUNDI ETF Short Govt Bond EuroMTS Broad Investment Grade";"PARIJS CEDEX 15";"Frankrijk"
"AMUNDI ETF Short Govt Bond EuroMTS Broad Investment Grade 10-15";"AMUNDI ETF Short Govt Bond EuroMTS Broad Investment Grade 10-15";"PARIJS CEDEX 15";"Frankrijk"
"AMUNDI ETF Short MSCI Europe Daily";"AMUNDI ETF Short MSCI Europe Daily";"PARIJS CEDEX 15";"Frankrijk"
"AMUNDI ETF Short MSCI USA Daily";"AMUNDI ETF Short MSCI USA Daily";"PARIJS CEDEX 15";"Frankrijk"
"AMUNDI ETF Stoxx Europe 50";"AMUNDI ETF Stoxx Europe 50";"PARIJS CEDEX 15";"Frankrijk"
"AMUNDI ETF Stoxx Europe 600";"AMUNDI ETF Stoxx Europe 600";"PARIJS CEDEX 15";"Frankrijk"
"AMUNDI ETF US Treasury 1-3 UCITS ETF";"AMUNDI ETF US Treasury 1-3 UCITS ETF";"PARIJS CEDEX 15";"Frankrijk"
"AMUNDI ETF US Treasury 3-7 UCITS ETF";"AMUNDI ETF US Treasury 3-7 UCITS ETF";"PARIJS CEDEX 15";"Frankrijk"
"AMUNDI ETF US Treasury 7-10 UCITS ETF";"AMUNDI ETF US Treasury 7-10 UCITS ETF";"PARIJS CEDEX 15";"Frankrijk"
"Amundi Fund Solutions";"Amundi Fund Solutions";"LUXEMBURG";"Luxemburg"
"AMUNDI Funds";"AMUNDI Funds";"LUXEMBURG";"Luxemburg"
"Amundi Funds II";"Amundi Funds II";"LUXEMBURG";"Luxemburg"
"Amundi Index Solutions";"Amundi Index Solutions";"LUXEMBURG";"Luxemburg"
"AMUNDI International Sicav";"AMUNDI International Sicav";"LUXEMBURG";"Luxemburg"
"AMUNDI Money Market Fund";"AMUNDI Money Market Fund";"LUXEMBURG";"Luxemburg"
"AMUNDI Oblig Internationales";"AMUNDI Oblig Internationales";"PARIJS CEDEX 15";"Frankrijk"
"AMUNDI Responsible Investing";"AMUNDI Responsible Investing";"Parijs";"Frankrijk"
"Amundi S.F.";"Amundi S.F.";"LUXEMBURG";"Luxemburg"
"Amundi SGR SpA";"Amundi SGR SpA";"Milaan";"Italië"
"Amundi Star 1";"Amundi Star 1";"PARIJS";"Frankrijk"
"Amundi Star 3";"Amundi Star 3";"PARIJS";"Frankrijk"
"AMUNDI Treso 6 Mois";"AMUNDI Treso 6 Mois";"PARIJS CEDEX 15";"Frankrijk"
"AMUNDI Treso Corporate";"AMUNDI Treso Corporate";"PARIJS CEDEX 15";"Frankrijk"
"AMUNDI Treso Court Terme";"AMUNDI Treso Court Terme";"PARIJS CEDEX 15";"Frankrijk"
"Andurand UCITS ICAV";"Andurand UCITS ICAV";"Dublin 2";"Ierland"
"Anima SICAV";"Anima SICAV";"LUXEMBURG";"Luxemburg"
"Aphilion Q2";"Aphilion Q2";"BRUSSEL";"België"
"AQR UCITS Funds";"AQR UCITS Funds";"LUXEMBURG";"Luxemburg"
"AQR UCITS FUNDS II";"AQR UCITS FUNDS II";"Hesperange";"Luxemburg"
"Argonaut Capital Partners International Plc";"Argonaut Capital Partners International Plc";"DUBLIN 2";"Ierland"
"Arisaig Funds plc";"Arisaig Funds plc";"DUBLIN 2";"Ierland"
"Artemis Funds (Lux)";"Artemis Funds (Lux)";"Senningerberg";"Luxemburg"
"Artemis Investment Funds ICVC";"Artemis Investment Funds ICVC";"Londen";"Verenigd Koninkrijk"
"Artisan Partners Global Funds plc";"Artisan Partners Global Funds plc";"DUBLIN 2";"Ierland"
"ARTY";"ARTY";"PARIJS";"Frankrijk"
"Ashmore SICAV";"Ashmore SICAV";"FINDEL";"Luxemburg"
"Aspect UCITS Fund plc";"Aspect UCITS Fund plc";"DUBLIN 2";"Ierland"
"Asset Allocation Advisors";"Asset Allocation Advisors";"PARIJS";"Frankrijk"
"Atlantis International Umbrella Fund";"Atlantis International Umbrella Fund";"DUBLIN 1";"Ierland"
"Atlas";"Atlas";"BRUSSEL";"België"
"ATLAS Global Infrastructure UCITS ICAV";"ATLAS Global Infrastructure UCITS ICAV";"Dublin 1";"Ierland"
"Aurum UCITS Funds ICAV";"Aurum UCITS Funds ICAV";"DUBLIN 2";"Ierland"
"AvH Emerging Markets Fonds UI";"AvH Emerging Markets Fonds UI";"Frankfurt am Main";"Duitsland"
"Aviva Investors Liquidity Funds Plc";"Aviva Investors Liquidity Funds Plc";"DUBLIN 1";"Ierland"
"Aviva Investors Luxembourg";"Aviva Investors Luxembourg";"Luxembourg";"Luxemburg"
"Aviva Investors SICAV";"Aviva Investors SICAV";"LUXEMBURG";"Luxemburg"
"Aviva Morley SICAV";"Aviva Morley SICAV";"LUXEMBURG";"Luxemburg"
"Axa Court Terme";"Axa Court Terme";"Parijs - La Défense cedex";"Frankrijk"
"AXA Euro 3-5";"AXA Euro 3-5";"PARIJS LA DÉFENSE ";"Frankrijk"
"AXA Euro 5-7";"AXA Euro 5-7";"PARIJS LA DÉFENSE";"Frankrijk"
"AXA Euro 7-10";"AXA Euro 7-10";"PARIJS LA DÉFENSE";"Frankrijk"
"AXA IM Euro FI Moderato";"AXA IM Euro FI Moderato";"PARIS LA DEFENSE CEDEX";"Frankrijk"
"Axa IM Euro Liquidity";"Axa IM Euro Liquidity";"Parijs - La Défense cedex";"Frankrijk"
"AXA IM Fixed Income Investment Strategies";"AXA IM Fixed Income Investment Strategies";"LUXEMBURG";"Luxemburg"
"AXA Investment Managers Paris";"AXA Investment Managers Paris";"PARIJS LA DÉFENCE CEDEX";"Frankrijk"
"AXA Investment Managers Paris";"AXA Investment Managers Paris";"PARIJS LA DÉFENSE CEDEX";"Frankrijk"
"AXA Rosenberg Equity Alpha Trust";"AXA Rosenberg Equity Alpha Trust";"DUBLIN 1";"Ierland"
"AXA Spread Plus";"AXA Spread Plus";"PARIJS LA DÉFENSE CEDEX";"Frankrijk"
"Axa Tresor Court Terme";"Axa Tresor Court Terme";"Parijs - La Défense cedex";"Frankrijk"
"AXA World Funds SICAV";"AXA World Funds SICAV";"LUXEMBURG";"Luxemburg"
"Bachelier UI";"Bachelier UI";"Frankfurt am Main";"Duitsland"
"Baillie Gifford Worldwide Funds plc";"Baillie Gifford Worldwide Funds plc";"Dublin";"Ierland"
"Bakersteel Global Funds SICAV";"Bakersteel Global Funds SICAV";"Luxemburg";"Luxemburg"
"Balanced Wealth Builder Fund";"Balanced Wealth Builder Fund";"Liechtenstein";"Liechtenstein"
"Bank of America Global Liquidity Funds plc";"Bank of America Global Liquidity Funds plc";"DUBLIN 2";"Ierland"
"Baring Emerging Markets Umbrella Fund";"Baring Emerging Markets Umbrella Fund";"DUBLIN 2";"Ierland"
"Baring German Growth Trust";"Baring German Growth Trust";"LONDEN";"Verenigd Koninkrijk"
"Baring Global Umbrella Fund";"Baring Global Umbrella Fund";"DUBLIN 2";"Ierland"
"Baring International Umbrella Fund";"Baring International Umbrella Fund";"DUBLIN 2";"Ierland"
"Barings Investment Funds plc";"Barings Investment Funds plc";"DUBLIN 2";"Ierland"
"Barings Umbrella Fund plc";"Barings Umbrella Fund plc";"DUBLIN 2";"Ierland"
"Bearbull Selector";"Bearbull Selector";"LUXEMBURG";"Luxemburg"
"Belfius Fullinvest";"Belfius Fullinvest";"BRUSSEL";"België"
"Berenberg Renminbi Bond Opportunities UI";"Berenberg Renminbi Bond Opportunities UI";"GREVENMACHER";"Luxemburg"
"Beresford Funds ICAV";"Beresford Funds ICAV";"DUBLIN 1";"Ierland"
"BL Fund Selection";"BL Fund Selection";"LUXEMBURG";"Luxemburg"
"BL SICAV";"BL SICAV";"LUXEMBURG";"Luxemburg"
"BlackRock Asset Management Ireland Limited";"BlackRock Asset Management Ireland Limited";"Dublin 4";"Ierland"
"BlackRock Common Contractual Funds  ";"BlackRock Common Contractual Funds";"Dublin 1";"Ierland"
"BlackRock Fixed Income Dublin Funds plc";"BlackRock Fixed Income Dublin Funds plc";"DUBLIN 1";"Ierland"
"BlackRock Funds I ICAV";"BlackRock Funds I ICAV";"Dublin 1";"Ierland"
"BlackRock Global Funds";"BlackRock Global Funds";"SENNINGERBERG";"Luxemburg"
"BlackRock Global Index Funds";"BlackRock Global Index Funds";"LUXEMBURG";"Luxemburg"
"BlackRock Index Selection Fund";"BlackRock Index Selection Fund";"DUBLIN 1";"Ierland"
"BlackRock Institutional Pooled Funds Plc";"BlackRock Institutional Pooled Funds Plc";"DUBLIN 2";"Ierland"
"BlackRock Strategic Funds";"BlackRock Strategic Funds";"LUXEMBURG";"Luxemburg"
"BlackRock UCITS Funds";"BlackRock UCITS Funds";"DUBLIN 1";"Ierland"
"Blackstone Alternative Investment Funds plc";"Blackstone Alternative Investment Funds plc";"DUBLIN 2";"Ierland"
"BlueBay Funds";"BlueBay Funds";"LUXEMBURG";"Luxemburg"
"Blueorchard UCITS";"Blueorchard UCITS";"Luxemburg";"Luxemburg"
"BMO Investments (Ireland) plc";"BMO Investments (Ireland) plc";"Dublin 2";"Ierland"
"BMO Investments (LUX) I Fund ";"BMO Investments (LUX) I Fund";"LUXEMBURG";"Luxemburg"
"BMO Investments II (Ireland) plc";"BMO Investments II (Ireland) plc";"DUBLIN 2";"Ierland"
"BMO UCITS ETF ICAV";"BMO UCITS ETF ICAV";"DUBLIN 2";"Ierland"
"BNP Paribas Asset Management France";"BNP Paribas Asset Management France";"Parijs";"Frankrijk"
"BNP PARIBAS ASSET MANAGEMENT Nederland N.V.";"BNP PARIBAS ASSET MANAGEMENT Nederland N.V.";"Amsterdam";"Nederland"
"BNP Paribas B Strategy";"BNP Paribas B Strategy";"BRUSSEL";"België"
"BNP Paribas Bond Cash Equivalent";"BNP Paribas Bond Cash Equivalent";"Parijs";"Frankrijk"
"BNP Paribas Developpement Humain";"BNP Paribas Developpement Humain";"PARIS";"Frankrijk"
"BNP Paribas Easy";"BNP Paribas Easy";"LUXEMBURG";"Luxemburg"
"BNP Paribas Easy Low Carbon 100 Europe UCITS ETF";"BNP Paribas Easy Low Carbon 100 Europe UCITS ETF";"PARIJS";"Frankrijk"
"BNP Paribas Flexi I SICAV";"BNP Paribas Flexi I SICAV";"Luxemburg";"Luxemburg"
"BNP Paribas Funds";"BNP Paribas Funds";"Luxemburg";"Luxemburg"
"BNP Paribas InstiCash";"BNP Paribas InstiCash";"Luxemburg";"Luxemburg"
"BNP Paribas Invest 3 Mois";"BNP Paribas Invest 3 Mois";"Parijs";"Frankrijk"
"BNP Paribas L Fix";"BNP Paribas L Fix";"HOWALD-HESPERANGE";"Luxemburg"
"BNP Paribas L1";"BNP Paribas L1";"Luxemburg";"Luxemburg"
"BNP Paribas Midcap France";"BNP Paribas Midcap France";"Parijs";"Frankrijk"
"BNP Paribas Mois ISR";"BNP Paribas Mois ISR";"Parijs";"Frankrijk"
"BNP PARIBAS MONEY 3M";"BNP PARIBAS MONEY 3M";"Parijs";"Frankrijk"
"BNP Paribas Obli ETAT";"BNP Paribas Obli ETAT";"PARIJS";"Frankrijk"
"BNP Paribas Plan SICAV";"BNP Paribas Plan SICAV";"Luxemburg";"Luxemburg"
"BNP Paribas Selection Dynamique PEA";"BNP Paribas Selection Dynamique PEA";"Parijs";"Frankrijk"
"BNY Mellon Fund Management (Luxembourg) S.A.";"BNY Mellon Fund Management (Luxembourg) S.A.";"Luxembourg";"Luxemburg"
"BNY Mellon Global Funds Plc";"BNY Mellon Global Funds Plc";"DUBLIN 4";"Ierland"
"BNY Mellon Investment Funds";"BNY Mellon Investment Funds";"LONDON";"Verenigd Koninkrijk"
"BOC (Europe) UCITS SICAV";"BOC (Europe) UCITS SICAV";"Luxemburg";"Luxemburg"
"Boussard & Gavaudan Sicav";"Boussard & Gavaudan Sicav";"LUXEMBURG";"Luxemburg"
"Brandes Investment Funds Plc";"Brandes Investment Funds Plc";"DUBLIN";"Ierland"
"Brandes Investment Partners (Europe) Limited";"Brandes Investment Partners (Europe) Limited";"Dublin 2";"Ierland"
"Brevan Howard Liquid Portfolio Strategies";"Brevan Howard Liquid Portfolio Strategies";"LUXEMBURG";"Luxemburg"
"Bright Pensions N.V.";"BrightPensioen, Bright Pensions N.V., BrightNL Pensioen, BrightNL";"Amsterdam";"Nederland"
"BrightSphere Global Funds";"BrightSphere Global Funds";"Luxemburg";"Luxemburg"
"Brookfield Investment Funds (UCITS) plc";"Brookfield Investment Funds (UCITS) plc";"DUBLIN 2";"Ierland"
"Brown Advisory Funds plc";"Brown Advisory Funds plc";"Dublin 1";"Ierland"
"Bryan Garnier Asset Management";"Bryan Garnier Asset Management";"PARIJS";"Frankrijk"
"Calamos Global Funds Plc";"Calamos Global Funds Plc";"DUBLIN 1";"Ierland"
"Candriam Belgium NV/SA";"Candriam Belgium NV/SA";"BRUSSEL";"België"
"Candriam Bonds";"Candriam Bonds";"Esch-sur-Alzette";"Luxemburg"
"Candriam Dynamix";"Candriam Dynamix";"Esch-sur-Alzette";"Luxemburg"
"Candriam Equities B";"Candriam Equities B";"BRUSSEL";"België"
"Candriam Equities L";"Candriam Equities L";"Esch-sur-Alzette";"Luxemburg"
"Candriam Fund";"Candriam Fund";"Strassen";"Luxemburg"
"Candriam GF";"Candriam GF";"LUXEMBURG";"Luxemburg"
"Candriam Index Arbitrage";"Candriam Index Arbitrage";"PARIJS";"Frankrijk"
"Candriam Life Bonds";"Candriam Life Bonds";"LUXEMBURG";"Luxemburg"
"Candriam Long Short Credit";"Candriam Long Short Credit";"PARIJS";"Frankrijk"
"Candriam Luxembourg";"Candriam Luxembourg";"Strassen";"Luxemburg"
"Candriam Money Market";"Candriam Money Market";"Esch-sur-Alzette";"Luxemburg"
"Candriam Multi-Strategies";"Candriam Multi-Strategies";"PARIJS";"Frankrijk"
"Candriam Quant SICAV";"Candriam Quant SICAV";"Esch-sur-Alzette";"Luxemburg"
"Candriam Risk Arbitrage";"Candriam Risk Arbitrage";"PARIJS";"Frankrijk"
"Candriam SRI";"Candriam SRI";"Porte de France";"Luxemburg"
"Candriam Sustainable";"Candriam Sustainable";"BRUSSEL";"België"
"Capertino SICAV";"Capertino SICAV";"Luxembourg";"Luxemburg"
"Capital Group Emerging Markets Growth Fund (LUX) ";"Capital Group Emerging Markets Growth Fund (LUX)";"SENNINGERBERG";"Luxemburg"
"Capital International Fund";"Capital International Fund, Capital International Fund";"Senningerberg";"Luxemburg"
"Capital International Management Company S.à.r.l.";"Capital International Management Company S.à.r.l.";"LUXEMBURG";"Luxemburg"
"Capital International Portfolios";"Capital International Portfolios";"SENNINGERBERG";"Luxemburg"
"CapitalatWork Foyer Umbrella ";"CapitalatWork Foyer Umbrella";"LUXEMBURG";"Luxemburg"
"Carmignac Court Terme";"Carmignac Court Terme";"PARIJS";"Frankrijk"
"Carmignac Emergents";"Carmignac Emergents";"PARIJS";"Frankrijk"
"Carmignac Euro-Entrepreneurs";"Carmignac Euro-Entrepreneurs";"PARIJS";"Frankrijk"
"Carmignac Euro-Investissement";"Carmignac Euro-Investissement";"PARIJS";"Frankrijk"
"Carmignac Euro-Patrimoine";"Carmignac Euro-Patrimoine";"PARIJS";"Frankrijk"
"Carmignac Gestion";"Carmignac Gestion";"PARIJS";"Frankrijk"
"Carmignac Investissement";"Carmignac Investissement";"PARIJS";"Frankrijk"
"Carmignac Patrimoine";"Carmignac Patrimoine";"PARIJS";"Frankrijk"
"Carmignac Portfolio SICAV";"Carmignac Portfolio SICAV";"LUXEMBURG";"Luxemburg"
"Carmignac Profil Réactif 100";"Carmignac Profil Réactif 100";"PARIJS";"Frankrijk"
"Carmignac Profil Réactif 50";"Carmignac Profil Réactif 50";"PARIJS";"Frankrijk"
"Carmignac Profil Réactif 75";"Carmignac Profil Réactif 75";"PARIJS";"Frankrijk"
"Carmignac Sécurité";"Carmignac Sécurité";"PARIJS";"Frankrijk"
"Carne Global Fund Managers (Ireland) Limited";"Carne Global Fund Managers (Ireland) Limited";"Dublin 2";"Ierland"
"Carnegie Fund";"Carnegie Fund";"LUXEMBURG";"Luxemburg"
"Carnegie Global";"Carnegie Global";"Stockholm";"Zweden"
"Carnegie Rysslandsfond";"Carnegie Rysslandsfond";"STOCKHOLM";"Zweden"
"Castlestone Management plc";"Castlestone Management plc";"DUBLIN 2";"Ierland"
"Catella Sicav";"Catella Sicav";"HOWALD";"Luxemburg"
"Celsius Funds Plc";"Celsius Funds Plc";"DUBLIN 1";"Ierland"
"Celsius Investment Funds SICAV";"Celsius Investment Funds SICAV";"LUXEMBURG";"Luxemburg"
"Charles Schwab Worldwide Funds plc";"Charles Schwab Worldwide Funds plc";"Dublin 2";"Ierland"
"Cheyne Select UCITS Fund plc";"Cheyne Select UCITS Fund plc";"DUBLIN 1";"Ierland"
"Chiron Funds ICAV";"Chiron Funds ICAV";"Dublin 2";"Ierland"
"Citadel Value Fund SICAV";"Citadel Value Fund SICAV";"LUXEMBURG";"Luxemburg"
"CLEOME INDEX";"CLEOME INDEX";"Esch-sur-Alzette";"Luxemburg"
"CM Investment Solutions Limited";"CM Investment Solutions Limited";"LONDON";"Verenigd Koninkrijk"
"CM-CIC Asset Management";"CM-CIC Asset Management";"PARIJS";"Frankrijk"
"CMM";"CMM";"LUXEMBURG";"Luxemburg"
"Coeli SICAV I";"Coeli SICAV I";"LUXEMBURG";"Luxemburg"
"Cohen & Steers SICAV";"Cohen & Steers SICAV";"LUXEMBURG";"Luxemburg"
"Comgest Growth Plc";"Comgest Growth Plc";"DUBLIN 2";"Ierland"
"Comgest Monde";"Comgest Monde";"PARIJS";"Frankrijk"
"Commodity Discovery Management B.V.";"Commodity Discovery Management B.V.";"Aerdenhout";"Nederland"
"Comstage";"Comstage";"LUXEMBURG";"Luxemburg"
"Conventum Sicav";"Conventum Sicav";"LUXEMBURG";"Luxemburg"
"Coppins Collins Funds Plc";"Coppins Collins Funds Plc";"DUBLIN 2";"Ierland"
"CPR Cash";"CPR Cash";"75730 Parijs Cedex 15";"Frankrijk"
"CPR Euroland Premium";"CPR Euroland Premium";"Parijs Cedex 15";"Frankrijk"
"CPR Focus Inflation";"CPR Focus Inflation";"Parijs Cedex 15";"Frankrijk"
"CPR Focus Inflation US";"CPR Focus Inflation US";"Parijs Cedex 15";"Frankrijk"
"CPR Invest";"CPR Invest";"LUXEMBURG";"Luxemburg"
"Credit Suisse Custom Markets";"Credit Suisse Custom Markets";"LUXEMBURG";"Luxemburg"
"Credit Suisse Funds SICAV";"Credit Suisse Funds SICAV";"Vaduz";"Liechtenstein"
"Credit Suisse Index Fund (Lux)";"Credit Suisse Index Fund (Lux)";"LUXEMBURG";"Luxemburg"
"Credit Suisse Systematic Alpha (Lux)";"Credit Suisse Systematic Alpha (Lux)";"LUXEMBURG";"Luxemburg"
"Credit Suisse Wealth Funds 1";"Credit Suisse Wealth Funds 1";"Luxemburg";"Luxemburg"
"Crestbridge Management Company S.A.";"Crestbridge Management Company S.A.";"Luxemburg";"Luxemburg"
"Crown Alternative UCITS plc";"Crown Alternative UCITS plc";"DUBLIN 2";"Ierland"
"CS Investment Funds 1";"CS Investment Funds 1";"LUXEMBURG";"Luxemburg"
"CS Investment Funds 11";"CS Investment Funds 11";"LUXEMBURG";"Luxemburg"
"CS Investment Funds 12";"CS Investment Funds 12";"LUXEMBURG";"Luxemburg"
"CS Investment Funds 13";"CS Investment Funds 13";"LUXEMBURG";"Luxemburg"
"CS Investment Funds 14";"CS Investment Funds 14";"LUXEMBURG";"Luxemburg"
"CS Investment Funds 2";"CS Investment Funds 2";"LUXEMBURG";"Luxemburg"
"CS Investment Funds 3";"CS Investment Funds 3";"LUXEMBURG";"Luxemburg"
"CS Investment Funds 4";"CS Investment Funds 4";"LUXEMBURG";"Luxemburg"
"CS Investment Funds 6";"CS Investment Funds 6";"LUXEMBURG";"Luxemburg"
"Cullen Funds plc";"Cullen Funds plc";"Dublin 2";"Ierland"
"Custom Markets plc";"Custom Markets plc";"DUBLIN 2";"Ierland"
"Dasym SICAV";"Dasym SICAV";"SENNINGERBERG";"Luxemburg"
"Davis Funds SICAV";"Davis Funds SICAV";"KIRCHBERG";"Luxemburg"
"DB Platinum";"DB Platinum";"LUXEMBURG";"Luxemburg"
"DB Platinum IV";"DB Platinum IV";"LUXEMBURG";"Luxemburg"
"DB PWM";"DB PWM";"LUXEMBURG";"Luxemburg"
"DB PWM I";"DB PWM I";"LUXEMBURG";"Luxemburg"
"DB PWM II";"DB PWM II";"LUXEMBURG";"Luxemburg"
"Degroof Bonds";"Degroof Bonds";"LUXEMBURG";"Luxemburg"
"Degroof Monetary";"Degroof Monetary";"LUXEMBURG";"Luxemburg"
"Delphi Europe";"Delphi Europe";"LYSAKER";"Noorwegen"
"Delphi Global";"Delphi Global";"LYSAKER";"Noorwegen"
"Delphi Nordic";"Delphi Nordic";"LYSAKER";"Noorwegen"
"Delta Lloyd L";"Delta Lloyd L";"LUXEMBURG";"Luxemburg"
"Deutsche AM Smart Industrial Technologies";"Deutsche AM Smart Industrial Technologies";"Frankfurt am Main";"Duitsland"
"Deutsche Asset & Wealth Management S.A.";"Deutsche Asset & Wealth Management S.A.";"LUXEMBOURG";"Luxemburg"
"Deutsche Floating Rate Notes";"Deutsche Floating Rate Notes";"LUXEMBURG";"Luxemburg"
"Deutsche Floating Rate Notes (USD)";"Deutsche Floating Rate Notes (USD)";"LUXEMBURG";"Luxemburg"
"Deutsche Global Liquidity Series Plc";"Deutsche Global Liquidity Series Plc";"DUBLIN 1";"Ierland"
"Deutsche MAG FI Sicav";"Deutsche MAG FI Sicav";"LUXEMBURG";"Luxemburg"
"Deutsche Quant Equity Low Volatility Europe";"Deutsche Quant Equity Low Volatility Europe";"Frankfurt am Main";"Duitsland"
"Dexia Asset Management Luxembourg S.A.";"Dexia Asset Management Luxembourg S.A.";"LUXEMBURG";"Luxemburg"
"Dexia Double Alpha";"Dexia Double Alpha";"PARIJS";"Frankrijk"
"Dexia Fund";"Dexia Fund";"LUXEMBURG";"Luxemburg"
"Dexia Getec";"Dexia Getec";"PARIJS";"Frankrijk"
"Dexia Index Bevek";"Dexia Index Bevek";"BRUSSEL";"België"
"DIM Funds SICAV S.A.";"DIM Funds SICAV S.A.";"LUXEMBURG";"Luxemburg"
"Dimensional Funds ICVC";"Dimensional Funds ICVC";"LONDON";"Verenigd Koninkrijk"
"Dimensional Funds II plc";"Dimensional Funds II plc";"DUBLIN 1";"Ierland"
"Dimensional Funds plc";"Dimensional Funds plc";"DUBLIN 2";"Ierland"
"Dimensional Ireland Limited";"Dimensional Ireland Limited";"Dublin";"Ierland"
"Diversified Growth Company";"Diversified Growth Company";"LUXEMBURG";"Luxemburg"
"Diversified Growth Company, en Abrege D.G.C.";"Diversified Growth Company, en Abrege D.G.C.";"LUXEMBURG";""
"Diversified Securities Fund SICAV";"Diversified Securities Fund SICAV";"LUXEMBURG";"Luxemburg"
"DM Invest ICAV";"DM Invest ICAV";"Dublin 2";"Ierland"
"DMS UCITS Platform";"DMS UCITS Platform";"Luxemburg";"Luxemburg"
"DMS UCITS Platform ICAV";"DMS UCITS Platform ICAV";"DUBLIN 2";"Ierland"
"DnB NOR Kapitalforvaltning AS";"DnB NOR Kapitalforvaltning AS";"OSLO";"Noorwegen"
"DNCA Invest";"DNCA Invest";"HOWALD-HESPERANGE";"Luxemburg"
"Dodge & Cox Worldwide Funds plc";"Dodge & Cox Worldwide Funds plc";"DUBLIN 2";"Ierland"
"Doubleline Funds (Luxembourg)";"Doubleline Funds (Luxembourg)";"LUXEMBURG";"Luxemburg"
"DPAM Bonds L";"DPAM Bonds L";"Luxemburg";"Luxemburg"
"DPAM Capital B";"DPAM Capital B";"BRUSSEL";"België"
"DPAM Equities L";"DPAM Equities L";"LUXEMBURG";"Luxemburg"
"DPAM Global Strategy L";"DPAM Global Strategy L";"LUXEMBURG";"Luxemburg"
"DPAM INVEST B";"DPAM INVEST B";"BRUSSEL";"België"
"DPAM L";"DPAM L";"LUXEMBURG";"Luxemburg"
"DSM Capital Partners Funds";"DSM Capital Partners Funds";"LUXEMBURG";"Luxemburg"
"Duemme Global Financial";"Duemme Global Financial";"MILAAN";"Italië"
"DWS Aktien Strategie Deutschland";"DWS Aktien Strategie Deutschland";"FRANKFURT AM MAIN";"Duitsland"
"DWS Brazil";"DWS Brazil";"LUXEMBURG";"Luxemburg"
"DWS China";"DWS China";"LUXEMBURG";"Luxemburg"
"DWS CO2 Opportunities Fund";"DWS CO2 Opportunities Fund";"LUXEMBURG";"Luxemburg"
"DWS Concept";"DWS Concept";"LUXEMBURG";"Luxemburg"
"DWS Corporate Bond Basket 2013";"DWS Corporate Bond Basket 2013";"LUXEMBURG";"Luxemburg"
"DWS Covered Bond Fund";"DWS Covered Bond Fund";"FRANKFURT AM MAIN";"Duitsland"
"DWS Deutschland";"DWS Deutschland";"FRANKFURT AM MAIN";"Duitsland"
"DWS Emerging Markets Bonds (SHORT)";"DWS Emerging Markets Bonds (SHORT)";"LUXEMBURG";""
"DWS Eurorenta";"DWS Eurorenta";"LUXEMBURG";"Luxemburg"
"DWS FlexPension SICAV";"DWS FlexPension SICAV";"LUXEMBURG";"Luxemburg"
"DWS Forex Strategy";"DWS Forex Strategy";"LUXEMBURG";"Luxemburg"
"DWS Funds SICAV";"DWS Funds SICAV";"LUXEMBURG";"Luxemburg"
"DWS Geldmarktfonds";"DWS Geldmarktfonds";"FRANKFURT AM MAIN";"Duitsland"
"DWS Global Growth";"DWS Global Growth";"FRANKFURT AM MAIN";"Duitsland"
"DWS Global Value";"DWS Global Value";"LUXEMBURG";"Luxemburg"
"DWS Hybrid Bond Fund";"DWS Hybrid Bond Fund";"Frankfurt am Main";"Duitsland"
"DWS India";"DWS India";"LUXEMBURG";"Luxemburg"
"DWS Institutional SICAV";"DWS Institutional SICAV";"LUXEMBURG";"Luxemburg"
"DWS Invest";"DWS Invest";"LUXEMBURG";"Luxemburg"
"DWS Invest II SICAV";"DWS Invest II SICAV";"LUXEMBURG";"Luxemburg"
"DWS Investment GmbH";"DWS Investment GmbH";"FRANKFURT AM MAIN";"Duitsland"
"DWS Nederland";"DWS Nederland";"FRANKFURT AM MAIN";"Duitsland"
"DWS Osteuropa";"DWS Osteuropa";"LUXEMBURG";"Luxemburg"
"DWS Provesta";"DWS Provesta";"FRANKFURT AM MAIN";"Duitsland"
"DWS Rendite Optima Four Seasons";"DWS Rendite Optima Four Seasons";"LUXEMBURG";"Luxemburg"
"DWS Russia";"DWS Russia";"LUXEMBURG";"Luxemburg"
"DWS Top Dividende";"DWS Top Dividende";"FRANKFURT AM MAIN";"Duitsland"
"DWS Vermögensbildungsfonds I";"DWS Vermögensbildungsfonds I";"FRANKFURT AM MAIN";"Duitsland"
"DWS Vermögensbildungsfonds R";"DWS Vermögensbildungsfonds R";"FRANKFURT AM MAIN";""
"DWS Vorsorge";"DWS Vorsorge";"LUXEMBURG";"Luxemburg"
"Dynasty Sicav S.A.";"Dynasty Sicav S.A.";"Luxembourg";"Luxemburg"
"E.I. Sturdza Funds plc";"E.I. Sturdza Funds plc";"DUBLIN 2";"Ierland"
"East Capital";"East Capital";"LUXEMBURG";"Luxemburg"
"Eastspring Investments";"Eastspring Investments";"LUXEMBURG";"Luxemburg"
"Eaton Vance Global Advisors Limited";"Eaton Vance Global Advisors Limited";"Dublin 2";"Ierland"
"Eaton Vance International (Ireland) Funds plc";"Eaton Vance International (Ireland) Funds plc";"DUBLIN 2";"Ierland"
"Echiquier Agenor Mid Cap Europe";"Echiquier Agenor Mid Cap Europe";"PARIJS";"Frankrijk"
"Echiquier Global";"Echiquier Global";"PARIJS";"Frankrijk"
"Echiquier Major";"Echiquier Major";"PARIJS";"Frankrijk"
"Echiquier Patrimoine";"Echiquier Patrimoine";"PARIJS";"Frankrijk"
"Econopolis Funds";"Econopolis Funds";"Luxemburg";"Luxemburg"
"ECP Flagship Sicav";"ECP Flagship Sicav";"Luxembourg";""
"Edgewood L Select";"Edgewood L Select";"HESPERANGE";"Luxemburg"
"Edinburgh Partners Opportunities Fund Plc";"Edinburgh Partners Opportunities Fund Plc";"DUBLIN 1";"Ierland"
"Edmond de Rothschild Emerging Convertibles";"Edmond de Rothschild Emerging Convertibles";"PARIJS CEDEX 08";"Frankrijk"
"Edmond de Rothschild Energy Evolution";"Edmond de Rothschild Energy Evolution";"Parijs Cedex 08";"Frankrijk"
"Edmond de Rothschild Euro Leaders";"Edmond de Rothschild Euro Leaders";"PARIJS CEDEX 08";"Frankrijk"
"Edmond de Rothschild Fund";"Edmond de Rothschild Fund";"LUXEMBURG";"Luxemburg"
"Edmond de Rothschild Goldsphere";"Edmond de Rothschild Goldsphere";"PARIJS CEDEX 08";"Frankrijk"
"Edmond de Rothschild India";"Edmond de Rothschild India";"PARIJS CEDEX 08";"Frankrijk"
"Edmond de Rothschild PriFund";"Edmond de Rothschild PriFund";"LUXEMBURG";"Luxemburg"
"Edmond de Rothschild Selective Japan";"Edmond de Rothschild Selective Japan";"PARIJS CEDEX 08";"Frankrijk"
"Edmond de Rothschild SICAV";"Edmond de Rothschild SICAV";"PARIJS CEDEX 08";"Frankrijk"
"Eleva Capital LLP";"Eleva Capital LLP";"LONDON";"Verenigd Koninkrijk"
"Eleva UCITS Fund";"Eleva UCITS Fund";"Mamer";"Luxemburg"
"Emso Clover plc";"Emso Clover plc";"DUBLIN 2";"Ierland"
"Epoch Investment Funds PLC";"Epoch Investment Funds PLC";"DUBLIN 2";"Ierland"
"Epsilon Fund";"Epsilon Fund";"LUXEMBURG";"Luxemburg"
"Eric Sturdza Management Company S.A.";"Eric Sturdza Management Company S.A.";"Luxembourg";"Luxemburg"
"Essential Portfolio Selection";"Essential Portfolio Selection";"LUXEMBURG";"Luxemburg"
"Essor Emerging Markets";"Essor Emerging Markets";"Paris 8";"Frankrijk"
"Essor Japon Opportunities";"Essor Japon Opportunities";"Parijs";"Frankrijk"
"Ethna - Global Dynamisch ";"Ethna - Global Dynamisch";"L-5365 MUNSBACH";"Luxemburg"
"Ethna-Aktiv E";"Ethna-Aktiv E";"L-5365 MUNSBACH";"Luxemburg"
"Ethna-GLOBAL Defensiv";"Ethna-GLOBAL Defensiv";"MUNSBACH";"Luxemburg"
"Eurizon Fund";"Eurizon Fund";"LUXEMBURG";"Luxemburg"
"European Specialist Investment Funds";"European Specialist Investment Funds";"LUXEMBURG";"Luxemburg"
"Falcon Fund Sicav";"Falcon Fund Sicav";"LUXEMBURG";"Luxemburg"
"Fidante Partners Liquid Strategies ICAV ";"Fidante Partners Liquid Strategies ICAV";"Dublin 2";"Ierland"
"Fidelity Active STrategy SICAV";"Fidelity Active STrategy SICAV";"LUXEMBURG";"Luxemburg"
"Fidelity Alpha Funds SICAV";"Fidelity Alpha Funds SICAV";"LUXEMBURG";"Luxemburg"
"Fidelity Funds II SICAV";"Fidelity Funds II SICAV";"LUXEMBURG";"Luxemburg"
"Fidelity Funds SICAV";"Fidelity Funds SICAV";"LUXEMBURG";"Luxemburg"
"Fidelity Institutional Funds";"Fidelity Institutional Funds";"KENT";"Verenigd Koninkrijk"
"Fidelity UCITS ICAV";"Fidelity UCITS ICAV";"Dublin 2";"Ierland"
"Fidelity UCITS II ICAV";"Fidelity UCITS II ICAV";"Dublin 2";"Ierland"
"Fidessa Fund SICAV";"Fidessa Fund SICAV";"LUXEMBURG";"Luxemburg"
"First Eagle Amundi";"First Eagle Amundi";"LUXEMBURG";"Luxemburg"
"First Private Investment Management KAG mbh";"First Private Investment Management KAG mbh";"Frankfurt am Main";"Duitsland"
"First State Global Umbrella Fund Plc";"First State Global Umbrella Fund Plc";"DUBLIN 2";"Ierland"
"First State Investments ICVC";"First State Investments ICVC";"LONDON ";"Verenigd Koninkrijk"
"First Trust Global Funds plc";"First Trust Global Funds plc";"DUBLIN 2";"Ierland"
"Fisch Umbrella Fund";"Fisch Umbrella Fund";"Seningerberg";"Luxemburg"
"Fisher Investments Institutional Funds plc";"Fisher Investments Institutional Funds plc";"DUBLIN 2";"Ierland"
"Fort Global UCITS Funds plc";"Fort Global UCITS Funds plc";"DUBLIN 2";"Ierland"
"Forum One";"Forum One";"luxemburg";"Luxemburg"
"FP Argonaut Funds";"FP Argonaut Funds";"Wimborne, Dorset";"Verenigd Koninkrijk"
"FP WHEB Asset Management Funds";"FP WHEB Asset Management Funds";"Wimborne, Dorset";"Verenigd Koninkrijk"
"Franklin Templeton International Services S.à R.L.";"Franklin Templeton International Services S.à R.L.";"LUXEMBOURG";"Luxemburg"
"Franklin Templeton Investment Funds";"Franklin Templeton Investment Funds";"LUXEMBURG";"Luxemburg"
"Franklin Templeton Opportunities Funds";"Franklin Templeton Opportunities Funds";"Luxemburg";"Luxemburg"
"FundLogic Alternatives plc";"FundLogic Alternatives plc";"DUBLIN 2";"Ierland"
"FundLogic SAS";"FundLogic SAS";"PARIJS";"Frankrijk"
"FundLogic Structured Products SICAV";"FundLogic Structured Products SICAV";"PARIJS";"Frankrijk"
"FundQuest International SICAV";"FundQuest International SICAV";"HOWALD-HESPERANGE";"Luxemburg"
"FundShare Fund Management B.V.";"FundShare Fund Management B.V.";"Amsterdam";"Nederland"
"Fundsmith Equity Fund SICAV";"Fundsmith Equity Fund SICAV";"LUXEMBURG";"Luxemburg"
"G Fund";"G Fund";"LUXEMBURG";"Frankrijk"
"GAM Multibond";"GAM Multibond";"LUXEMBURG";"Luxemburg"
"GAM Multicash";"GAM Multicash";"LUXEMBURG";"Luxemburg"
"GAM Multistock";"GAM Multistock";"LUXEMBURG";"Luxemburg"
"GAM Star (Lux)";"GAM Star (Lux)";"LUXEMBURG";"Luxemburg"
"GAM Star Fund plc";"GAM Star Fund plc";"DUBLIN 2";"Ierland"
"Gamco International Sicav";"Gamco International Sicav";"Luxembourg";"Luxemburg"
"Gateway UCITS Funds Plc";"Gateway UCITS Funds Plc";"DUBLIN 1";"Ierland"
"GaveKal Multi-Fund plc";"GaveKal Multi-Fund plc";"DUBLIN 2";"Ierland"
"GaveKal Ucits Fund";"GaveKal Ucits Fund";"DUBLIN 1";"Ierland"
"Generali Investments Europe SGR SpA";"Generali Investments Europe SGR SpA";"TRIESTE";"Italië"
"Generali Investments SICAV";"Generali Investments SICAV";"LUXEMBURG";"Luxemburg"
"GFS UCITS Fund plc";"GFS UCITS Fund plc";"DUBLIN 2";"Ierland"
"GLG Investments VII plc";"GLG Investments VII plc";"DUBLIN 2";"Ierland"
"Global Advantage Funds";"Global Advantage Funds";"LUXEMBURG";"Luxemburg"
"Global Emerging Markets Balance Portfolio";"Global Emerging Markets Balance Portfolio";"LUXEMBURG";"Luxemburg"
"Global Evolution Funds";"Global Evolution Funds";"LUXEMBURG";"Luxemburg"
"GlobalReach Multi-Strategy ICAV";"GlobalReach Multi-Strategy ICAV";"DUBLIN 2";"Ierland"
"GMO Funds plc";"GMO Funds plc";"DUBLIN 2";"Ierland"
"GMO Investments ICAV";"GMO Investments ICAV";"Dublin 2";"Ierland"
"GO UCITS ETF";"GO UCITS ETF";"DUBLIN 2";"Ierland"
"Goldman Sachs ETF ICAV";"Goldman Sachs ETF ICAV";"Dublin 2";"Ierland"
"Goldman Sachs Funds";"Goldman Sachs Funds";"LUXEMBURG";"Luxemburg"
"Goldman Sachs Funds II";"Goldman Sachs Funds II";"LUXEMBURG";"Luxemburg"
"Goldman Sachs Funds plc";"Goldman Sachs Funds plc";"DUBLIN 2";"Ierland"
"GQG Global UCITS ICAV";"GQG Global UCITS ICAV";"Dublin";"Ierland"
"Graphene Investments";"Graphene Investments";"PARIJS";"Frankrijk"
"Groupama Asset management";"Groupama Asset management";"PARIJS";"Frankrijk"
"Groupama Avenir EURO";"Groupama Avenir EURO";"PARIJS";"Frankrijk"
"GuardCap UCITS Funds plc";"GuardCap UCITS Funds plc";"Dublin 2";"Ierland"
"Guinness Asset Management Funds plc";"Guinness Asset Management Funds plc";"Dublin 2";"Ierland"
"H2O Adagio";"H2O Adagio";"LONDEN";"Verenigd Koninkrijk"
"H2O Allegretto";"H2O Allegretto";"Londen";"Verenigd Koninkrijk"
"H2O Allegro";"H2O Allegro";"LONDEN";"Verenigd Koninkrijk"
"H2O Global Strategies ICAV";"H2O Global Strategies ICAV";"DUBLIN 1";"Ierland"
"H2O Invest";"H2O Invest";"Londen";"Verenigd Koninkrijk"
"H2O Moderato";"H2O Moderato";"LONDEN";"Verenigd Koninkrijk"
"H2O Multibonds";"H2O Multibonds";"LONDEN";"Verenigd Koninkrijk"
"H2O Multiequities";"H2O Multiequities";"LONDEN";"Verenigd Koninkrijk"
"H2O Multistrategies";"H2O Multistrategies";"LONDEN";"Verenigd Koninkrijk"
"H2O VIVACE";"H2O VIVACE";"LONDEN";"Verenigd Koninkrijk"
"Hamon Asian Funds";"Hamon Asian Funds";"DUBLIN 1";"Ierland"
"HANetf ICAV";"HANetf ICAV";"Dublin 1";"Ierland"
"Hedge Invest International Funds plc";"Hedge Invest International Funds plc";"DUBLIN 2";"Ierland"
"Helium Fund";"Helium Fund";"PARIJS";"Frankrijk"
"Henderson Management S.A.";"Henderson Management S.A.";"LUXEMBURG";"Luxemburg"
"Henderson OEIC";"Henderson OEIC";"LONDEN";"Verenigd Koninkrijk"
"Heptagon Fund Plc";"Heptagon Fund Plc";"DUBLIN 4";"Ierland"
"Hermes Investment Funds Plc";"Hermes Investment Funds Plc";"DUBLIN 2";"Ierland"
"HSBC ETFs Plc";"HSBC ETFs Plc";"DUBLIN 2";"Ierland"
"HSBC Global Asset Management (France)";"HSBC Global Asset Management (France)";"Courbevoie, La Défense 4";"Frankrijk"
"HSBC Global Asset Management (UK) Limited";"HSBC Global Asset Management (UK) Limited";"LONDON";"Verenigd Koninkrijk"
"HSBC Global Funds ICAV";"HSBC Global Funds ICAV";"Dublin 1";"Ierland"
"HSBC Global Investment Funds";"HSBC Global Investment Funds";"LUXEMBURG";"Luxemburg"
"HSBC Global Liquidity Funds plc";"HSBC Global Liquidity Funds plc";"DUBLIN 1";"Ierland"
"ICBC (Europe) UCITS SICAV";"ICBC (Europe) UCITS SICAV";"LUXEMBURG";"Luxemburg"
"ICBC Credit Suisse Ucits ETF";"ICBC Credit Suisse Ucits ETF";"LUXEMBURG";"Luxemburg"
"ICE Global Credit Funds";"ICE Global Credit Funds";"LUXEMBURG";"Luxemburg"
"ICG UCITS Funds (Ireland) p.l.c.";"ICG UCITS Funds (Ireland) p.l.c.";"Dublin 2";"Ierland"
"IKANO FUNDS SICAV";"IKANO FUNDS SICAV";"LUXEMBURG";"Luxemburg"
"Impax Funds (Ireland) plc";"Impax Funds (Ireland) plc";"Dublin 2";"Ierland"
"INDEXIQ";"INDEXIQ";"Luxemburg";"Luxemburg"
"India Acorn ICAV";"India Acorn ICAV";"Dublin2";"Ierland"
"Infusive UCITS Fund";"Infusive UCITS Fund";"LUXEMBURG";"Luxemburg"
"ING (L) Patrimonial SICAV";"ING (L) Patrimonial SICAV";"LUXEMBURG";"Luxemburg"
"ING (L) Renta Fund SICAV";"ING (L) Renta Fund SICAV";"LUXEMBURG";"Luxemburg"
"ING Aria";"ING Aria";"LUXEMBURG";"Luxemburg"
"ING Funds";"ING Funds";"LUXEMBURG";"Luxemburg"
"ING Index Linked Fund II SICAV";"ING Index Linked Fund II SICAV";"LUXEMBURG";"Luxemburg"
"ING Index Linked Fund SICAV";"ING Index Linked Fund SICAV";"LUXEMBURG";"Luxemburg"
"ING Solutions Investment Management S.A.";"ING Solutions Investment Management S.A.";"Luxemburg";"Luxemburg"
"InRIS UCITS PLC";"InRIS UCITS PLC";"DUBLIN";"Ierland"
"Insight Global Funds II plc";"Insight Global Funds II plc";"DUBLIN 2";"Ierland"
"Insight Liquidity Funds plc";"Insight Liquidity Funds plc";"DUBLIN 2";"Ierland"
"Institutional Cash Series Plc";"Institutional Cash Series Plc";"DUBLIN 1";"Ierland"
"International Funds Sicav";"International Funds Sicav";"Mamer";"Luxemburg"
"INVESCO Funds SICAV";"INVESCO Funds SICAV";"LUXEMBURG";"Luxemburg"
"Invesco Management S.A.";"Invesco Management S.A.";"LUXEMBOURG";"Luxemburg"
"Invesco Markets II plc";"Invesco Markets II plc";"DUBLIN 2";"Ierland"
"Invesco Markets III plc";"Invesco Markets III plc";"DUBLIN 2";"Ierland"
"Invesco Markets plc";"Invesco Markets plc";"DUBLIN 2";"Ierland"
"Investec Asset Management Luxembourg S.A.";"Investec Asset Management Luxembourg S.A.";"LUXEMBURG";""
"Investec Global Strategy Fund";"Investec Global Strategy Fund";"LUXEMBURG";"Luxemburg"
"Investeringsforeningen Jyske Invest International";"Investeringsforeningen Jyske Invest International";"Silkeborg";"Denemarken"
"IPM UCITS Umbrella ICAV";"IPM UCITS Umbrella ICAV";"Dublin2";"Ierland"
"iShares (DE) I Investmentaktiengesellschaft mit Teilgesellschaftsvermögen";"iShares (DE) I Investmentaktiengesellschaft mit Teilgesellschaftsvermögen";"MUNCHEN";"Duitsland"
"iShares (DE) Investmentaktiengesellschaft mit Teilgesellschaftsvermögen";"iShares (DE) Investmentaktiengesellschaft mit Teilgesellschaftsvermögen";"";""
"iShares (Lux)";"iShares (Lux)";"LUXEMBURG";"Luxemburg"
"iShares Dax® (DE)";"iShares Dax® (DE)";"MUNCHEN";"Duitsland"
"iShares Dow Jones Eurozone Sustainability Screened (DE)";"iShares Dow Jones Eurozone Sustainability Screened (DE)";"MUNCHEN";"Duitsland"
"iShares Dow Jones U.S. Select Dividend (DE)";"iShares Dow Jones U.S. Select Dividend (DE)";"MUNCHEN";"Duitsland"
"iShares Dow Jones-UBS Commodity Swap  (DE)";"iShares Dow Jones-UBS Commodity Swap  (DE)";"MUNCHEN";"Duitsland"
"iShares eb.rexx® Government Germany (DE)";"iShares eb.rexx® Government Germany (DE)";"MUNCHEN";"Duitsland"
"iShares eb.rexx® Government Germany 1.5-2.5 (DE)";"iShares eb.rexx® Government Germany 1.5-2.5 (DE)";"MUNCHEN";"Duitsland"
"iShares eb.rexx® Government Germany 10.5+ (DE)";"iShares eb.rexx® Government Germany 10.5+ (DE)";"MUNCHEN";"Duitsland"
"iShares eb.rexx® Government Germany 2.5-5.5 (DE)";"iShares eb.rexx® Government Germany 2.5-5.5 (DE)";"MUNCHEN";"Duitsland"
"iShares eb.rexx® Government Germany 5.5-10.5 (DE)";"iShares eb.rexx® Government Germany 5.5-10.5 (DE)";"MUNCHEN";"Duitsland"
"iShares eb.rexx® Jumbo Pfandbriefe (DE)";"iShares eb.rexx® Jumbo Pfandbriefe (DE)";"MUNCHEN";"Duitsland"
"iShares eb.rexx® Money Market (DE)";"iShares eb.rexx® Money Market (DE)";"MUNCHEN";"Duitsland"
"iShares EURO STOXX (DE)";"iShares EURO STOXX (DE)";"MUNCHEN";"Duitsland"
"iShares EURO STOXX 50 (DE)";"iShares EURO STOXX 50 (DE)";"MUNCHEN";"Duitsland"
"iShares II plc";"iShares II plc";"DUBLIN 1";"Ierland"
"iShares III plc";"iShares III plc";"DUBLIN 1";"Ierland"
"iShares IV plc";"iShares IV plc";"DUBLIN 1";"Ierland"
"iShares NASDAQ-100®  (DE)";"iShares NASDAQ-100®  (DE)";"MUNCHEN";"Duitsland"
"iShares plc";"iShares plc";"Dublin 1";"Ierland"
"iShares STOXX EU Enlarged 15  (DE)";"iShares STOXX EU Enlarged 15  (DE)";"MUNCHEN";"Duitsland"
"iShares STOXX Europe 50 (DE)";"iShares STOXX Europe 50 (DE)";"MUNCHEN";"Duitsland"
"iShares STOXX Europe 600 (DE)";"iShares STOXX Europe 600 (DE)";"MUNCHEN";"Duitsland"
"iShares STOXX Europe 600 Industrial Goods & Services (DE)";"iShares STOXX Europe 600 Industrial Goods & Services (DE)";"FRANKFURT";"Duitsland"
"iShares STOXX Europe 600 Utilities (DE)";"iShares STOXX Europe 600 Utilities (DE)";"FRANKFURT";"Duitsland"
"iShares STOXX Europe Large 200 (DE)";"iShares STOXX Europe Large 200 (DE)";"MUNCHEN";"Duitsland"
"iShares STOXX Europe Mid 200 (DE)";"iShares STOXX Europe Mid 200 (DE)";"MUNCHEN";"Duitsland"
"iShares STOXX Europe Select Dividend 30 (DE)";"iShares STOXX Europe Select Dividend 30 (DE)";"MUNCHEN";"Duitsland"
"iShares STOXX Europe Small 200 (DE)";"iShares STOXX Europe Small 200 (DE)";"MUNCHEN";"Duitsland"
"iShares V plc";"iShares V plc";"DUBLIN 1";"Ierland"
"iShares VI plc";"iShares VI plc";"DUBLIN 1";"Ierland"
"iShares VII plc";"iShares VII plc";"DUBLIN 2";"Ierland"
"IVA Global Sicav";"IVA Global Sicav";"STRASSEN";"Luxemburg"
"IVI Umbrella Fund Plc";"IVI Umbrella Fund Plc";"DUBLIN 2";"Ierland"
"J O Hambro Capital Management Umbrella Fund Plc";"J O Hambro Capital Management Umbrella Fund Plc";"DUBLIN 2";"Ierland"
"J. Safra Sarasin Fund Management (Luxembourg) S.A.";"J. Safra Sarasin Fund Management (Luxembourg) S.A.";"LUXEMBURG";"Luxemburg"
"Janus Henderson Capital Funds plc";"Janus Henderson Capital Funds plc";"DUBLIN 2";"Ierland"
"Janus Henderson Fund";"Janus Henderson Fund";"LUXEMBURG";"Luxemburg"
"Janus Henderson Horizon Fund";"Janus Henderson Horizon Fund";"LUXEMBURG";"Luxemburg"
"Janus Henderson Investment Funds OEIC ";"Janus Henderson Investment Funds OEIC";"LONDEN";"Verenigd Koninkrijk"
"Janus Henderson Strategic Investment Funds";"Janus Henderson Strategic Investment Funds";"LONDEN";"Verenigd Koninkrijk"
"Janus Henderson Sustainable/Responsible Funds. ";"Janus Henderson Sustainable/Responsible Funds.";"LONDEN";"Verenigd Koninkrijk"
"Janus World Funds Plc.";"Janus World Funds Plc.";"DUBLIN 4";"Ierland"
"JPMorgan Asset Management (Europe) S.à.r.l.";"JPMorgan Asset Management (Europe) S.à.r.l.";"Senningerberg";"Luxemburg"
"JPMorgan ETFs (Ireland) ICAV - JPMorgan ETFs (Ireland) ICAV";"JPMorgan ETFs (Ireland) ICAV - JPMorgan ETFs (Ireland) ICAV";"Dublin 1";"Ierland"
"JPMorgan Funds";"JPMorgan Funds";"SENNINGERBERG";"Luxemburg"
"JPMorgan Investment Funds";"JPMorgan Investment Funds";"SENNINGERBERG";"Luxemburg"
"JPMorgan Liquidity Funds SICAV";"JPMorgan Liquidity Funds SICAV";"LUXEMBURG";"Luxemburg"
"JSS Investmentfonds";"JSS Investmentfonds";"LUXEMBURG";"Luxemburg"
"JSS Investmentfonds II";"JSS Investmentfonds II";"LUXEMBURG";"Luxemburg"
"Julius Baer Multicooperation SICAV";"Julius Baer Multicooperation SICAV";"LUXEMBURG";"Luxemburg"
"Jyske Invest International";"Jyske Invest International";"SILKEBORG";"Denemarken"
"Kairos International Sicav";"Kairos International Sicav";"Luxemburg";"Luxemburg"
"Kames Capital Investment Company (Ireland) plc.";"Kames Capital Investment Company (Ireland) plc.";"DUBLIN 1";"Ierland"
"KBC Asset Management NV";"KBC Asset Management NV";"BRUSSEL";"België"
"KBI Institutional Fund ICAV";"KBI Institutional Fund ICAV";"DUBLIN 1";"Ierland"
"Kempen Capital Management N.V.";"Kempen Capital Management N.V.";"Amsterdam";"Nederland"
"KraneShares ICAV";"KraneShares ICAV";"Dublin 2";"Ierland"
"La Francaise Lux";"La Francaise Lux";"Luxemburg";"Luxemburg"
"LAM ZyFin Global Markets UCITS ETF plc";"LAM ZyFin Global Markets UCITS ETF plc";"DUBLIN 2";"Ierland"
"Lazard Asset Management (Deutschland) GmbH";"Lazard Asset Management (Deutschland) GmbH";"Frankfurt";"Duitsland"
"Lazard Fund Managers (Ireland) Limited";"Lazard Fund Managers (Ireland) Limited";"DUBLIN 2";"Ierland"
"Lazard Global Active Funds plc";"Lazard Global Active Funds plc";"Dublin 2 ";"Ierland"
"Lazard Global Investment Funds PLC";"Lazard Global Investment Funds PLC";"DUBLIN 2";"Ierland"
"Legal & General ICAV";"Legal & General ICAV";"Dublin 2";"Ierland"
"Legal & General North America CCF (Dublin)";"Legal & General North America CCF (Dublin)";"DUBLIN 4";"Ierland"
"Legal & General SICAV";"Legal & General SICAV";"LUXEMBURG";"Luxemburg"
"Legal & General UCITS ETF Plc";"Legal & General UCITS ETF Plc";"DUBLIN 2";"Ierland"
"Legg Mason Alternative Funds ICAV";"Legg Mason Alternative Funds ICAV";"DUBLIN 2";"Ierland"
"Legg Mason Global Funds Plc";"Legg Mason Global Funds Plc";"DUBLIN 1";"Ierland"
"Legg Mason Global Solutions plc";"Legg Mason Global Solutions plc";"Dublin 2";"Ierland"
"Legg Mason Investments (Ireland) Limited";"Legg Mason Investments (Ireland) Limited";"Ballsbridge, Dublin 4";"Ierland"
"Lehman Brothers Anti Benchmark Euro Equity Fund";"Lehman Brothers Anti Benchmark Euro Equity Fund";"PARIJS";"Frankrijk"
"Letterstone Plc";"Letterstone Plc";"LONDON";"Verenigd Koninkrijk"
"LFP Allocation";"LFP Allocation";"PARIJS";"Frankrijk"
"LFP Index Variable";"LFP Index Variable";"PARIJS";"Frankrijk"
"Lfpartners Investment Funds";"Lfpartners Investment Funds";"LUXEMBURG";"Luxemburg"
"LGIM Liguidity Fund PLC";"LGIM Liguidity Fund PLC";"Dublin 2";"Ierland"
"LGIM Managers (Europe) Limited";"LGIM Managers (Europe) Limited";"DUBLIN 2";""
"LGT Capital Partners (Ireland) Limited";"LGT Capital Partners (Ireland) Limited";"Dublin 2";"Ierland"
"Liontrust Global Funds plc";"Liontrust Global Funds plc";"DUBLIN 2";"Ierland"
"Lombard Odier Funds";"Lombard Odier Funds";"LUXEMBURG";"Luxemburg"
"Lombard Odier Funds (Europe) S.A.";"Lombard Odier Funds (Europe) S.A.";"Luxemburg";"Luxemburg"
"Lombard Odier Selection";"Lombard Odier Selection";"LUXEMBURG";"Luxemburg"
"Long Term Investment Fund (SIA)";"Long Term Investment Fund (SIA)";"Luxembourg";"Luxemburg"
"Lord Abbett Passport Portfolios plc";"Lord Abbett Passport Portfolios plc";"DUBLIN 2";"Ierland"
"Los Angeles Capital Global Funds plc";"Los Angeles Capital Global Funds plc";"Dublin 2";"Ierland"
"LSAM SF 1 Public Limited Company";"LSAM SF 1 Public Limited Company";"DUBLIN 2 ";"Ierland"
"LSAM SF 3 Plc";"LSAM SF 3 Plc";"DUBLIN 2";"Ierland"
"Lumyna Funds";"Lumyna Funds";"LUXEMBURG";"Luxemburg"
"Luxcellence SICAV";"Luxcellence SICAV";"LUXEMBURG";"Luxemburg"
"Lyxor Equisys Fund";"Lyxor Equisys Fund";"LUXEMBURG";"Luxemburg"
"Lyxor ETF Brazil (IBOVESPA)";"Lyxor ETF Brazil (IBOVESPA)";"PARIJS LA DEFENCE CEDEX";"Frankrijk"
"Lyxor ETF China Enterprise (HSCEI)";"Lyxor ETF China Enterprise (HSCEI)";"PARIJS LA DEFENCE CEDEX";"Frankrijk"
"Lyxor ETF Commodities CRB (Reuter//Jefferies CRB Index)";"Lyxor ETF Commodities CRB (Reuter//Jefferies CRB Index)";"PARIJS LA DÉFENSE CEDEX";"Frankrijk"
"Lyxor ETF Commodities Thomson Reters/Jefferies CRB Ex-Energy TR";"Lyxor ETF Commodities Thomson Reters/Jefferies CRB Ex-Energy TR";"PARIJS LA DEFENSE CEDEX";"Frankrijk"
"Lyxor ETF Euro Cash";"Lyxor ETF Euro Cash";"PARIJS LA DÉFENSE CEDEX";"Frankrijk"
"Lyxor ETF Euro Corporate Bond";"Lyxor ETF Euro Corporate Bond";"PARIJS LA DEFENSE CEDEX";"Frankrijk"
"Lyxor ETF Euro Corporate Bond (ex financials)";"Lyxor ETF Euro Corporate Bond (ex financials)";"PARIJS LA DEFENSE CEDEX";"Frankrijk"
"Lyxor ETF Euro Stoxx 50";"Lyxor ETF Euro Stoxx 50";"PARIJS LA DÉFENSE CEDEX";"Frankrijk"
"Lyxor ETF Euro Stoxx 50 BuyWrite";"Lyxor ETF Euro Stoxx 50 BuyWrite";"PARIJS LA DÉFENSE CEDEX";"Frankrijk"
"Lyxor ETF Euro Stoxx 50 Daily Leverage";"Lyxor ETF Euro Stoxx 50 Daily Leverage";"PARIJS LA DÉFENSE CEDEX";"Frankrijk"
"Lyxor ETF EuroMTS 5-7Y";"Lyxor ETF EuroMTS 5-7Y";"PARIJS LA DEFENSE CEDEX";"Frankrijk"
"Lyxor ETF EuroMTS Covered Bond Aggregate";"Lyxor ETF EuroMTS Covered Bond Aggregate";"PARIJS LA DEFENSE CEDEX";"Frankrijk"
"Lyxor ETF EuroMTS Highest Rated Macro-Weighted Govt Bond";"Lyxor ETF EuroMTS Highest Rated Macro-Weighted Govt Bond";"PARIJS LA DEFENSE CEDEX";"Frankrijk"
"Lyxor ETF FTSE MIB";"Lyxor ETF FTSE MIB";"PARIJS LA DÉFENSE CEDEX";"Frankrijk"
"Lyxor ETF Leverage AEX";"Lyxor ETF Leverage AEX";"PARIJS LA DÉFENSE CEDEX";"Frankrijk"
"Lyxor ETF MSCI AC Asia (ex Japan Real Estate)";"Lyxor ETF MSCI AC Asia (ex Japan Real Estate)";"PARIJS LA DEFENSE CEDEX";"Frankrijk"
"Lyxor ETF MSCI AC Asia PACIFIC EX Japan";"Lyxor ETF MSCI AC Asia PACIFIC EX Japan";"PARIJS LA DÉFENSE CEDEX";"Frankrijk"
"Lyxor ETF MSCI EM Latin  America";"Lyxor ETF MSCI EM Latin  America";"PARIJS LA DÉFENSE CEDEX";"Frankrijk"
"Lyxor ETF MSCI Emerging Markets";"Lyxor ETF MSCI Emerging Markets";"PARIJS LA DÉFENSE CEDEX";"Frankrijk"
"Lyxor ETF MSCI EMU Small Cap";"Lyxor ETF MSCI EMU Small Cap";"PARIJS LA DEFENSE CEDEX";"Frankrijk"
"Lyxor ETF MSCI EMU VALUE";"Lyxor ETF MSCI EMU VALUE";"PARIJS LA DÉFENSE CEDEX";"Frankrijk"
"Lyxor ETF MSCI Europe";"Lyxor ETF MSCI Europe";"PARIJS LA DÉFENSE CEDEX";"Frankrijk"
"Lyxor ETF MSCI Europe Real Estate";"Lyxor ETF MSCI Europe Real Estate";"PARIJS LA DEFENSE CEDEX";"Frankrijk"
"Lyxor ETF MSCI India";"Lyxor ETF MSCI India";"PARIJS LA DEFENSE CEDEX";"Frankrijk"
"Lyxor ETF MSCI Malaysia";"Lyxor ETF MSCI Malaysia";"PARIJS LA DEFENSE CEDEX";"Frankrijk"
"Lyxor ETF MSCI USA Real Estate";"Lyxor ETF MSCI USA Real Estate";"PARIJS LA DEFENSE CEDEX";"Frankrijk"
"Lyxor ETF MSCI World";"Lyxor ETF MSCI World";"PARIJS LA DEFENSE CEDEX";"Frankrijk"
"Lyxor ETF MSCI World Real Estate";"Lyxor ETF MSCI World Real Estate";"PARIJS LA DEFENSE CEDEX";"Frankrijk"
"Lyxor ETF Nasdaq-100";"Lyxor ETF Nasdaq-100";"PARIJS LA DÉFENSE CEDEX";"Frankrijk"
"Lyxor ETF Pan Africa";"Lyxor ETF Pan Africa";"PARIJS LA DÉFENSE CEDEX";"Frankrijk"
"Lyxor ETF Russia";"Lyxor ETF Russia";"PARIJS LA DÉFENSE CEDEX";"Frankrijk"
"Lyxor ETF Short AEX";"Lyxor ETF Short AEX";"PARIJS LA DÉFENSE CEDEX";"Frankrijk"
"Lyxor ETF South Africa (FTSE JSE TOP 40)";"Lyxor ETF South Africa (FTSE JSE TOP 40)";"PARIJS LA DEFENCE CEDEX";"Frankrijk"
"Lyxor ETF Stoxx Europe 600 Automobiles & Parts";"Lyxor ETF Stoxx Europe 600 Automobiles & Parts";"PARIJS LA DÉFENCE CEDEX";"Frankrijk"
"Lyxor ETF Stoxx Europe 600 Banks";"Lyxor ETF Stoxx Europe 600 Banks";"PARIJS LA DÉFENCE CEDEX";"Frankrijk"
"Lyxor ETF Stoxx Europe 600 Basic Resources";"Lyxor ETF Stoxx Europe 600 Basic Resources";"PARIJS LA DÉFENCE CEDEX";"Frankrijk"
"Lyxor ETF Stoxx Europe 600 Chemicals";"Lyxor ETF Stoxx Europe 600 Chemicals";"PARIJS LA DÉFENCE CEDEX";"Frankrijk"
"Lyxor ETF Stoxx Europe 600 Construction & Materials";"Lyxor ETF Stoxx Europe 600 Construction & Materials";"PARIJS LA DÉFENCE CEDEX";"Frankrijk"
"Lyxor ETF Stoxx Europe 600 Financial Services";"Lyxor ETF Stoxx Europe 600 Financial Services";"PARIJS LA DÉFENCE CEDEX";"Frankrijk"
"Lyxor ETF Stoxx Europe 600 Food & Beverage";"Lyxor ETF Stoxx Europe 600 Food & Beverage";"PARIJS LA DÉFENCE CEDEX";"Frankrijk"
"Lyxor ETF Stoxx Europe 600 Healthcare";"Lyxor ETF Stoxx Europe 600 Healthcare";"PARIJS LA DÉFENCE CEDEX";"Frankrijk"
"Lyxor ETF Stoxx Europe 600 Industrial Goods & Services";"Lyxor ETF Stoxx Europe 600 Industrial Goods & Services";"PARIJS LA DÉFENCE CEDEX";"Frankrijk"
"Lyxor ETF Stoxx Europe 600 Insurance";"Lyxor ETF Stoxx Europe 600 Insurance";"PARIJS LA DÉFENCE CEDEX";"Frankrijk"
"Lyxor ETF Stoxx Europe 600 Media";"Lyxor ETF Stoxx Europe 600 Media";"PARIJS LA DÉFENCE CEDEX";"Frankrijk"
"Lyxor ETF Stoxx Europe 600 Oil & Gas";"Lyxor ETF Stoxx Europe 600 Oil & Gas";"PARIJS LA DÉFENCE CEDEX";"Frankrijk"
"Lyxor ETF Stoxx Europe 600 Personal & Household Goods";"Lyxor ETF Stoxx Europe 600 Personal & Household Goods";"PARIJS LA DÉFENCE CEDEX";"Frankrijk"
"Lyxor ETF Stoxx Europe 600 Retail";"Lyxor ETF Stoxx Europe 600 Retail";"PARIJS LA DÉFENCE CEDEX";"Frankrijk"
"Lyxor ETF Stoxx Europe 600 Technology";"Lyxor ETF Stoxx Europe 600 Technology";"PARIJS LA DÉFENSE CEDEX";"Frankrijk"
"Lyxor ETF Stoxx Europe 600 Telecommunications";"Lyxor ETF Stoxx Europe 600 Telecommunications";"PARIJS LA DÉFENCE CEDEX";"Frankrijk"
"Lyxor ETF Stoxx Europe 600 Travel & Leisure";"Lyxor ETF Stoxx Europe 600 Travel & Leisure";"PARIJS LA DÉFENSE CEDEX";"Frankrijk"
"Lyxor ETF Stoxx Europe 600 Utilities";"Lyxor ETF Stoxx Europe 600 Utilities";"PARIJS LA DÉFENCE CEDEX";"Frankrijk"
"Lyxor ETF Stoxx Europe Select Dividend 30";"Lyxor ETF Stoxx Europe Select Dividend 30";"PARIJS LA DÉFENSE CEDEX";"Frankrijk"
"Lyxor ETF Turkey (DJ Turkey Titans 20)";"Lyxor ETF Turkey (DJ Turkey Titans 20)";"PARIJS LA DÉFENSE CEDEX";"Frankrijk"
"Lyxor Euro Stoxx 50 Daily Double Short UCITS ETF";"Lyxor Euro Stoxx 50 Daily Double Short UCITS ETF";"Paris La Defense Cedex";"Frankrijk"
"Lyxor Index Fund";"Lyxor Index Fund";"LUXEMBOURG";"Luxemburg"
"Lyxor International Asset Management";"Lyxor International Asset Management";"PUTEAUX";"Frankrijk"
"Lyxor Investment Funds";"Lyxor Investment Funds";"LUXEMBURG";"Luxemburg"
"Lyxor Investment Strategies plc";"Lyxor Investment Strategies plc";"DUBLIN 2";"Ierland"
"Lyxor Newcits IRL II plc";"Lyxor Newcits IRL II plc";"DUBLIN 2";"Ierland"
"Lyxor Newcits IRL III ICAV";"Lyxor Newcits IRL III ICAV";"Dublin 2";"Ierland"
"Lyxor Newcits IRL PLC";"Lyxor Newcits IRL PLC";"DUBLIN 1";"Ierland"
"Lyxor Selection Fund";"Lyxor Selection Fund";"LUXEMBURG";"Luxemburg"
"Lyxor UCITS  ETF Japan (Topix)";"Lyxor UCITS  ETF Japan (Topix)";"PARIJS LA DÉFENSE CEDEX";"Frankrijk"
"Lyxor UCITS ETF DAILY DOUBLE SHORT BUND";"Lyxor UCITS ETF DAILY DOUBLE SHORT BUND";"PARIJS LA DÉFENSE CEDEX";"Frankrijk"
"Lyxor UCITS ETF DOW JONES INDUSTRIAL AVERAGE";"Lyxor UCITS ETF DOW JONES INDUSTRIAL AVERAGE";"PARIJS LA DÉFENSE CEDEX";"Frankrijk"
"Lyxor UCITS ETF EuroMTS 15+ Y";"Lyxor UCITS ETF EuroMTS 15+ Y";"PARIJS LA DEFENSE CEDEX";"Frankrijk"
"Lyxor UCITS ETF EuroMTS 7-10Y  Investment Grade";"Lyxor UCITS ETF EuroMTS 7-10Y  Investment Grade";"PARIJS LA DEFENSE CEDEX";"Frankrijk"
"Lyxor UCITS ETF FTSE ATHEX Large Cap";"Lyxor UCITS ETF FTSE ATHEX Large Cap";"PARIJS LA DÉFENSE CEDEX";"Frankrijk"
"Lyxor UCITS ETF MSCI USA";"Lyxor UCITS ETF MSCI USA";"PARIJS LA DÉFENSE CEDEX";"Frankrijk"
"Lyxor UCITS ETF World Water";"Lyxor UCITS ETF World Water";"PARIJS LA DÉFENSE CEDEX";"Frankrijk"
"M&G (LUX) Investment Funds 1";"M&G (LUX) Investment Funds 1";"LUXEMBURG";"Luxemburg"
"M&G Investment Funds (1)";"M&G Investment Funds (1)";"LONDEN";"Verenigd Koninkrijk"
"M&G Investment Funds (12)";"M&G Investment Funds (12)";"LONDON";"Verenigd Koninkrijk"
"M&G Investment Funds (2)";"M&G Investment Funds (2)";"LONDEN";"Verenigd Koninkrijk"
"M&G Investment Funds (3)";"M&G Investment Funds (3)";"LONDON";"Verenigd Koninkrijk"
"M&G Investment Funds (5)";"M&G Investment Funds (5)";"LONDEN";"Verenigd Koninkrijk"
"M&G Investment Funds (7)";"M&G Investment Funds (7)";"LONDON";"Verenigd Koninkrijk"
"M&G Investment Funds (8)";"M&G Investment Funds (8)";"LONDON";"Verenigd Koninkrijk"
"Macquarie Fund Solutions";"Macquarie Fund Solutions";"LUXEMBURG";"Luxemburg"
"Magellan";"Magellan";"PARIJS";"Frankrijk"
"Magna Umbrella Fund Plc";"Magna Umbrella Fund Plc";"DUBLIN 2";"Ierland"
"MainFirst SICAV";"MainFirst SICAV";"SENNINGERBERG";"Luxemburg"
"MAJ Invest Funds";"MAJ Invest Funds";"Howald";"Luxemburg"
"Man Asset Management (Ireland) Limited";"Man Asset Management (Ireland) Limited";"Dublin 2";"Ierland"
"Man Funds plc";"Man Funds plc";"DUBLIN 2";"Ierland"
"Man Funds VI plc";"Man Funds VI plc";"DUBLIN 2";"Ierland"
"Man Umbrella SICAV";"Man Umbrella SICAV";"LUXEMBURG";"Luxemburg"
"Manulife Investment Management (Ireland) Limited";"Manulife Investment Management (Ireland) Limited";"IFSC, Dublin";"Ierland"
"Manulife Investment Management I plc";"Manulife Investment Management I plc";"Dublin";"Ierland"
"Market Access";"Market Access";"LUXEMBURG";"Luxemburg"
"Marshall Wace UCITS Funds Plc";"Marshall Wace UCITS Funds Plc";"DUBLIN 2";"Ierland"
"Merian Global Investors Series Plc";"Merian Global Investors Series Plc";"DUBLIN 2";"Ierland"
"Merit Capital Global Investment Fund";"Merit Capital Global Investment Fund";"Antwerpen";"België"
"Meriten Investment Management GmbH";"Meriten Investment Management GmbH";"Düsseldorf";"Duitsland"
"Merrill Lynch Global Selects Portfolio Plc";"Merrill Lynch Global Selects Portfolio Plc";"DUBLIN 2";"Ierland"
"Metropole Avenir Europe";"Metropole Avenir Europe";"PARIJS";"Frankrijk"
"Metropole Convertibles";"Metropole Convertibles";"PARIJS";"Frankrijk"
"Metropole Euro";"Metropole Euro";"PARIJS";"Frankrijk"
"Metropole Funds";"Metropole Funds";"PARIJS";"Frankrijk"
"Metropole Selection";"Metropole Selection";"PARIJS";"Frankrijk"
"MFP SICAV Plc";"MFP SICAV Plc";"ST. JULIAN'S";"Malta"
"MFS Investment Funds";"MFS Investment Funds";"Luxemburg";"Luxemburg"
"MFS Investment Management Company (Lux) S.a.r.l.";"MFS Investment Management Company (Lux) S.a.r.l.";"Luxemburg";"Luxemburg"
"MFS Meridian Funds";"MFS Meridian Funds";"LUXEMBURG";"Luxemburg"
"MGI Funds plc";"MGI Funds plc";"DUBLIN 2";"Ierland"
"Mirabaud";"Mirabaud";"LUXEMBURG";"Luxemburg"
"Mirae Asset Global Discovery Fund";"Mirae Asset Global Discovery Fund";"BERTRANGE";"Luxemburg"
"Mirova";"Mirova";"PARIJS";"Frankrijk"
"Mirova Funds";"Mirova Funds";"LUXEMBURG";"Luxemburg"
"MM Institutional Funds Plc";"MM Institutional Funds Plc";"DUBLIN 2";"Ierland"
"Montag & Caldwell Funds Plc";"Montag & Caldwell Funds Plc";" DUBLIN 2";"Ierland"
"Montanaro Smaller Companies plc";"Montanaro Smaller Companies plc";"DUBLIN 1";"Ierland"
"Montlake UCITS Platform ICAV";"Montlake UCITS Platform ICAV";"DUBLIN 2";"Ierland"
"Morgan Stanley Investment Funds";"Morgan Stanley Investment Funds";"SENNINGERBERG";"Luxemburg"
"Morgan Stanley Liquidity Funds";"Morgan Stanley Liquidity Funds";"SENNINGERBERG";"Luxemburg"
"Most Diversified Portfolio Sicav";"Most Diversified Portfolio Sicav";"LUXEMBURG";"Luxemburg"
"Multi Manager Access II";"Multi Manager Access II";"Luxemburg";"Luxemburg"
"Multi Units France";"Multi Units France";"PARIJS LA DÉFENCE CEDEX";"Frankrijk"
"Multi Units France EuroMTS 10-15Y";"Multi Units France EuroMTS 10-15Y";"PARIJS LA DEFENSE CEDEX";"Frankrijk"
"Multi Units France EuroMTS 1-3Y";"Multi Units France EuroMTS 1-3Y";"PARIJS LA DEFENSE CEDEX";"Frankrijk"
"Multi Units France EuroMTS 3-5Y";"Multi Units France EuroMTS 3-5Y";"PARIJS LA DEFENSE CEDEX";"Frankrijk"
"Multi Units France EuroMTS Inflation Linked";"Multi Units France EuroMTS Inflation Linked";"PARIJS LA DEFENSE CEDEX";"Frankrijk"
"Multi Units Luxembourg";"Multi Units Luxembourg";"LUXEMBURG";"Luxemburg"
"Multiflex SICAV";"Multiflex SICAV";"Luxemburg";"Luxemburg"
"Multipartner SICAV";"Multipartner SICAV";"LUXEMBURG";"Luxemburg"
"Multiple Managers SICAV";"Multiple Managers SICAV";"LUXEMBURG";"Luxemburg"
"Multirange SICAV";"Multirange SICAV";"LUXEMBURG";"Luxemburg"
"Multi-Style, Multi-Manager Funds plc";"Multi-Style, Multi-Manager Funds plc";"DUBLIN 1";"Ierland"
"Muzinich Funds";"Muzinich Funds";"DUBLIN 2";"Ierland"
"Natixis Actions US Growth";"Natixis Actions US Growth";"PARIS CEDEX 13";"Frankrijk"
"Natixis AM Funds";"Natixis AM Funds";"Luxembourg";"Luxemburg"
"Natixis International Funds (Dublin) I plc";"Natixis International Funds (Dublin) I plc";"Dublin 2";"Ierland"
"Natixis International Funds (Lux) I";"Natixis International Funds (Lux) I";"LUXEMBURG";"Luxemburg"
"Natixis Investment Managers International";"Natixis Investment Managers International, Natixis Asset Management";"Parijs";"Frankrijk"
"Natixis Investment Managers S.A.";"Natixis Investment Managers S.A.";"LUXEMBURG";"Luxemburg"
"Neptune Investment Funds";"Neptune Investment Funds";"LONDON";"Verenigd Koninkrijk"
"Neptune Investment Funds IV";"Neptune Investment Funds IV";"LONDEN";"Verenigd Koninkrijk"
"Neuberger Berman Investment Funds plc";"Neuberger Berman Investment Funds plc";"DUBLIN 2";"Ierland"
"Neuflize Monde Convertibles";"Neuflize Monde Convertibles";"PARIJS";"Frankrijk"
"Neuflize Private Assets";"Neuflize Private Assets";"PARIS";"Frankrijk"
"New Capital UCITS Fund Plc";"New Capital UCITS Fund Plc";"Dublin 2";"Ierland"
"New Star OEIC";"New Star OEIC";"LONDON";"Verenigd Koninkrijk"
"Nikko AM Global Umbrella Fund";"Nikko AM Global Umbrella Fund";"Luxemburg";"Luxemburg"
"NN (L)";"NN (L)";"LUXEMBURG";"Luxemburg"
"NN (L) International";"NN (L) International";"LUXEMBURG";"Luxemburg"
"NN (L) LIQUID";"NN (L) LIQUID";"LUXEMBURG";"Luxemburg"
"NN (L) Patrimonial";"NN (L) Patrimonial";"LUXEMBURG";"Luxemburg"
"NN Investment Partners B.V.";"NN Investment Partners B.V.";"'s-Gravenhage";"Nederland"
"NOBC Europe Convertibles";"NOBC Europe Convertibles";"PARIJS";"Frankrijk"
"Nomura Asset Management Deutschland KAG mbh";"Nomura Asset Management Deutschland KAG mbh";"Frankfurt am Main";"Duitsland"
"Nomura Funds Ireland plc";"Nomura Funds Ireland plc";"DUBLIN 4";"Ierland"
"Nomura Investment Solutions Plc";"Nomura Investment Solutions Plc";"DUBLIN 2";"Ierland"
"Nomura Next Funds Ireland plc";"Nomura Next Funds Ireland plc";"DUBLIN 2";"Ierland"
"Nordea 1 SICAV";"Nordea 1 SICAV";"SENNINGERBERG";"Luxemburg"
"Nordea 2 SICAV";"Nordea 2 SICAV";"LUXEMBURG";"Luxemburg"
"Northern Trust Fund Managers (Ireland) Limited";"Northern Trust Fund Managers (Ireland) Limited";"DUBLIN 2";"Ierland"
"Northern Trust Global Funds plc";"Northern Trust Global Funds plc";"Dublin 2";"Ierland"
"Northern Trust Investment Funds plc";"Northern Trust Investment Funds plc";"DUBLIN 2";"Ierland"
"Northern Trust UCITS Common Contractual Fund";"Northern Trust UCITS Common Contractual Fund";"Dublin 2";"Ierland"
"Northern Trust UCITS FGR Fund";"Northern Trust UCITS FGR Fund";"DUBLIN 2";"Ierland"
"Northill Global Funds ICAV";"Northill Global Funds ICAV";"Dublin 2";"Ierland"
"Novacap Asset management S.A.";"Novacap Asset management S.A.";"Luxemburg";"Luxemburg"
"Nuveen Global Investors Fund Plc";"Nuveen Global Investors Fund Plc";"DUBLIN 2";"Ierland"
"Oaktree (Lux.) Funds";"Oaktree (Lux.) Funds";"LUXEMBURG";"Luxemburg"
"ODDO BHF Active All Cap";"ODDO BHF Active All Cap";"PARIJS CEDEX 09";"Frankrijk"
"ODDO BHF Avenir";"ODDO BHF Avenir";"PARIJS CEDEX 09";"Frankrijk"
"ODDO BHF Avenir Euro";"ODDO BHF Avenir Euro";"PARIJS CEDEX 09";"Frankrijk"
"ODDO BHF Avenir Europe";"ODDO BHF Avenir Europe";"PARIJS CEDEX 09";"Frankrijk"
"ODDO BHF European Convertibles";"ODDO BHF European Convertibles";"PARIJS CEDEX 09";"Frankrijk"
"ODDO BHF European Convertibles Moderate";"ODDO BHF European Convertibles Moderate";"PARIJS CEDEX 09";"Frankrijk"
"ODDO BHF Génération";"ODDO BHF Génération";"PARIJS CEDEX 09";"Frankrijk"
"Odey Investment Funds plc";"Odey Investment Funds plc";"DUBLIN 2";""
"Odey Investments plc";"Odey Investments plc";"DUBLIN 2";"Ierland"
"ODIN Europa";"ODIN Europa";"OSLO";"Noorwegen"
"ODIN Europa SMB";"ODIN Europa SMB";"OSLO";"Noorwegen"
"ODIN Finland";"ODIN Finland";"OSLO";"Noorwegen"
"ODIN Global";"ODIN Global";"OSLO";"Noorwegen"
"ODIN Global SMB";"ODIN Global SMB";"OSLO";"Noorwegen"
"ODIN Maritim";"ODIN Maritim";"OSLO";"Noorwegen"
"ODIN Norden";"ODIN Norden";"OSLO";"Noorwegen"
"ODIN Norge";"ODIN Norge";"OSLO";"Noorwegen"
"ODIN Offshore";"ODIN Offshore";"OSLO";"Noorwegen"
"ODIN Sverige";"ODIN Sverige";"OSLO";"Noorwegen"
"ÖkoWorld";"ÖkoWorld";"LUXEMBURG";"Luxemburg"
"Old Mutual Global Investors Series II ICAV";"Old Mutual Global Investors Series II ICAV";"DUBLIN 2";"Ierland"
"One1797";"One1797";"LUXEMBURG";"Luxemburg"
"OP Bond Global Opportunities";"OP Bond Global Opportunities";"COLOGNE";"Duitsland"
"OpenWorld Plc";"OpenWorld Plc";"DUBLIN 2";"Ierland"
"Oppenheim Asset Management Services S.a.r.l";"Oppenheim Asset Management Services S.a.r.l";"LUXEMBOURG";"Luxemburg"
"Oppenheim Kapitalanlagegesellschaft";"Oppenheim Kapitalanlagegesellschaft";"KÖLN";"Duitsland"
"Optimiz Best Timing 7.5%";"Optimiz Best Timing 7.5%";"PUTEAUX";"Frankrijk"
"Orbis Sicav";"Orbis Sicav";"BERTRANGE";"Luxemburg"
"Ossiam";"Ossiam";"PARIJS";"Frankrijk"
"Ossiam Lux";"Ossiam Lux";"LUXEMBURG";"Luxemburg"
"Ostrica B.V.";"Ostrica B.V.";"Amstelveen";"Nederland"
"Ostrum Euro ABS IG";"Ostrum Euro ABS IG";"PARIJS";"Frankrijk"
"Ostrum Euro ABS Opportunities";"Ostrum Euro ABS Opportunities";"Parijs";"Frankrijk"
"Ostrum Global Alpha Consumer";"Ostrum Global Alpha Consumer";"PARIS CEDEX 13";"Frankrijk"
"Ostrum Souverains Euro";"Ostrum Souverains Euro";"PARIS CEDEX 13";"Frankrijk"
"Ostrum Tresorerie Plus";"Ostrum Tresorerie Plus";"PARIJS";"Frankrijk"
"Oyster";"Oyster";"LUXEMBURG";"Luxemburg"
"Palladium FCP";"Palladium FCP";"Luxemburg";"Luxemburg"
"Pareto SICAV";"Pareto SICAV";"Hesperange";"Luxemburg"
"Pareturn";"Pareturn";"HOWALD-HESPERANGE";"Luxemburg"
"Paris Bertrand Systematic Asset Management Plc";"Paris Bertrand Systematic Asset Management Plc";"Dublin 2";"Ierland"
"Partners Group Listed Investments SICAV";"Partners Group Listed Investments SICAV";"LUXEMBURG";"Luxemburg"
"Parworld SICAV";"Parworld SICAV";"Luxemburg";"Luxemburg"
"PassIM Structured Funds Plc";"PassIM Structured Funds Plc";"Dublin 2";"Ierland"
"Payden Global Funds plc";"Payden Global Funds plc";"DUBLIN 2";"Ierland"
"Pensato Capital Funds plc";"Pensato Capital Funds plc";"Dublin 2";"Ierland"
"Permal Long Funds";"Permal Long Funds";"LUXEMBURG";"Luxemburg"
"Petercam Institutional Asset Management";"Petercam Institutional Asset Management";"Brussel";"België"
"PGIM Funds plc";"PGIM Funds plc";"DUBLIN 2";"Ierland"
"Pictet";"Pictet";"LUXEMBURG";"Luxemburg"
"Pictet Asset Management (Europe) S.A.";"Pictet Asset Management (Europe) S.A.";"LUXEMBURG";"Luxemburg"
"Pictet International Capital Management";"Pictet International Capital Management";"Luxembourg";"Luxemburg"
"Pictet Select";"Pictet Select";"LUXEMBURG";"Luxemburg"
"Pictet TR";"Pictet TR";"LUXEMBURG";"Luxemburg"
"PIMCO Fixed Income Source ETFs plc";"PIMCO Fixed Income Source ETFs plc";"DUBLIN 2";"Ierland"
"PIMCO Funds Global Investors Series plc";"PIMCO Funds Global Investors Series plc";"DUBLIN 2";"Ierland"
"PineBridge Global Funds";"PineBridge Global Funds";"DUBLIN 1";"Ierland"
"Plenum CAT Bond Fund";"Plenum CAT Bond Fund";"Bendern";"Liechtenstein"
"Polar Capital Funds plc";"Polar Capital Funds plc";"DUBLIN 1";"Ierland"
"Polunin Funds";"Polunin Funds";"LUXEMBURG";"Luxemburg"
"Portland Hill Fund SICAV";"Portland Hill Fund SICAV";"Luxembourg";"Luxemburg"
"Prescient Global Funds ICAV";"Prescient Global Funds ICAV";"DUBLIN 2";"Ierland"
"Prescient ICAV";"Prescient ICAV";"Dublin 2";"Ierland"
"Preval Funds SICAV";"Preval Funds SICAV";"LUXEMBURG";"Luxemburg"
"Primo UCITS Platform ICAV";"Primo UCITS Platform ICAV";"Dublin 2";"Ierland"
"Principal Global Investors Funds";"Principal Global Investors Funds";"DUBLIN 1";"Ierland"
"Private Bank Funds I";"Private Bank Funds I";"Senningerberg";"Luxemburg"
"PrivilEdge";"PrivilEdge";"LUXEMBURG";"Luxemburg"
"Prosperity Capital Management SICAV";"Prosperity Capital Management SICAV";"LUXENBURG";"Luxemburg"
"Protea Fund";"Protea Fund";"LUXEMBURG";"Luxemburg"
"Protea UCITS II";"Protea UCITS II";"Luxemburg";"Luxemburg"
"Pure Capital S.A.";"Pure Capital S.A.";"Windhof";"Luxemburg"
"Putnam World Trust";"Putnam World Trust";"DUBLIN 1";"Ierland"
"Pzena Value Funds plc";"Pzena Value Funds plc";"DUBLIN 14";"Ierland"
"Quaero Capital Funds (Ireland) plc";"Quaero Capital Funds (Ireland) plc";"DUBLIN 2";"Ierland"
"Quest Management Sicav";"Quest Management Sicav";"LUXEMBURG";"Luxemburg"
"Quoniam Asset Management GmbH";"Quoniam Asset Management GmbH";"FRANKFURT AM MAIN";"Duitsland"
"Quoniam Funds Selection SICAV";"Quoniam Funds Selection SICAV";"LUXEMBURG";"Luxemburg"
"R Club";"R Club";"PARIJS";"Frankrijk"
"R Conviction Euro";"R Conviction Euro";"PARIJS";"Frankrijk"
"R Conviction Europe";"R Conviction Europe";"PARIJS";"Frankrijk"
"R Credit Horizon 12M";"R Credit Horizon 12M";"Parijs";"Frankrijk"
"R Euro Credit";"R Euro Credit";"PARIJS";"Frankrijk"
"R Valor";"R Valor";"PARIJS";"Frankrijk"
"Raiffeisen Kapitalanlage-Gesellschaft m.b.H.";"Raiffeisen Kapitalanlage-Gesellschaft m.b.H.";"WENEN";"Oostenrijk"
"RAM (Lux) Systematic Funds";"RAM (Lux) Systematic Funds";"LUXEMBURG";"Luxemburg"
"RAM (LUX) Tactical Funds";"RAM (LUX) Tactical Funds";"LUXEMBURG";"Luxemburg"
"RAM (Lux) Tactical Funds II";"RAM (Lux) Tactical Funds II";"LUXEMBURG";"Luxemburg"
"Raymond James Asset Management International";"Raymond James Asset Management International";"Parijs";"Frankrijk"
"RBC Funds (Lux)";"RBC Funds (Lux)";"PORTE DE FRANCE";"Luxemburg"
"RBS Market Acces";"RBS Market Acces";"LUXEMBURG";"Luxemburg"
"R-CO ";"R-CO";"Parijs";"Frankrijk"
"R-CO Families and Entrepreneurs";"R-CO Families and Entrepreneurs";"Parijs";"Frankrijk"
"R-Co Midcap Euro";"R-Co Midcap Euro";"PARIS";"Frankrijk"
"Red Arc Global Investments (Ireland) Plc";"Red Arc Global Investments (Ireland) Plc";"DUBLIN 2";"Ierland"
"Red Arc Global Investments (Luxembourg) SICAV";"Red Arc Global Investments (Luxembourg) SICAV";"Bertrange";"Luxemburg"
"Rivertree Bond";"Rivertree Bond";"Luxemburg";"Luxemburg"
"Rivertree Equity";"Rivertree Equity";"Luxemburg";"Luxemburg"
"Rivertree FD";"Rivertree FD";"LUXEMBURG";"Luxemburg"
"Rivertree Money Market";"Rivertree Money Market";"Luxemburg";"Luxemburg"
"Robeco (LU) Funds III";"Robeco (LU) Funds III";"LUXEMBURG";"Luxemburg"
"Robeco All Strategies Funds";"Robeco All Strategies Funds";"LUXEMBURG";"Luxemburg"
"Robeco Capital Growth Funds SICAV";"Robeco Capital Growth Funds SICAV";"LUXEMBURG";"Luxemburg"
"Robeco Global Total Return Bond Fund SICAV";"Robeco Global Total Return Bond Fund SICAV";"SENNINGERBERG";"Luxemburg"
"Robeco Institutional Asset Management B.V.";"Robeco Institutional Asset Management B.V., Robeco Asset Management Robeco Alternative Investments";"Rotterdam";"Nederland"
"Robeco QI Global Dynamic Duration";"Robeco QI Global Dynamic Duration";"LUXEMBURG";"Luxemburg"
"Robein Vermogensopbouw B.V.";"Robein Vermogensopbouw B.V.";"'s-Gravenhage";"Nederland"
"Robus Mid-Market Value Bond Fund";"Robus Mid-Market Value Bond Fund";"Munsbach";"Luxemburg"
"Rockefeller Capital Management UCITS ICAV";"Rockefeller Capital Management UCITS ICAV";"DUBLIN 2";""
"Rothschild & Compagnie Gestion";"Rothschild & Compagnie Gestion";"PARIJS";"Frankrijk"
"RP Gamma";"RP Gamma";"Frankfurt am Main";"Duitsland"
"RP Rendite Plus SICAV";"RP Rendite Plus SICAV";"SENNIGERBERG";"Luxemburg"
"RREEF";"RREEF";"LUXEMBURG";"Luxemburg"
"Ruffer Sicav";"Ruffer Sicav";"LUXEMBURG";"Luxemburg"
"Russell Investment Company II Plc";"Russell Investment Company II Plc";"DUBLIN 1";"Ierland"
"Russell Investment Company Plc";"Russell Investment Company Plc";"DUBLIN 1";"Ierland"
"Russell Investments Ireland Limited";"Russell Investments Ireland Limited";"Dublin 2";"Ierland"
"RWC Funds";"RWC Funds";"Luxemburg";"Luxemburg"
"S&P GSCI® Energy & Metals Capped Component 35/20 THEAM Easy UCITS ETF";"S&P GSCI® Energy & Metals Capped Component 35/20 THEAM Easy UCITS ETF";"LUXEMBURG";"Luxemburg"
"SALM";"SALM";"LUXEMBURG - STRASSEN";"Luxemburg"
"Schroder Absolute Return Fund Company";"Schroder Absolute Return Fund Company";"LONDON";"Verenigd Koninkrijk"
"Schroder GAIA";"Schroder GAIA";"SENNINGERBERG";"Luxemburg"
"Schroder International Selection Fund";"Schroder International Selection Fund";"SENNINGERBERG";"Luxemburg"
"Schroder Investment Management (Europe) S.A.";"Schroder Investment Management (Europe) S.A.";"Senningerberg";""
"Schroder Investment Management (Luxembourg) S.A.";"Schroder Investment Management (Luxembourg) S.A.";"SENNINGERBERG";"Luxemburg"
"Schroder Special Situations Fund";"";"SENNINGERBERG";"Luxemburg"
"Scor Convertible Europe";"Scor Convertible Europe";"PARIJS";""
"Scor Euro High Yield";"Scor Euro High Yield";"PARIJS";"Frankrijk"
"Scor Global Investments";"Scor Global Investments";"PARIS CEDEX 16";"Frankrijk"
"SEB Fund 1";"SEB Fund 1";"LUXEMBURG";"Luxemburg"
"SEB Fund 2";"SEB Fund 2";"LUXEMBURG";"Luxemburg"
"SEB Fund 5";"SEB Fund 5";"Howald";"Luxemburg"
"SEB Green Bond Fund";"SEB Green Bond Fund";"Howald";"Luxemburg"
"SEB SICAV 2";"SEB SICAV 2";"Howald";"Luxemburg"
"SEB Sustainability Fund Global";"SEB Sustainability Fund Global";"Stockholm";"Zweden"
"SEI Global Investments Fund plc";"SEI Global Investments Fund plc";"Dublin 2";"Ierland"
"SEI Global Master Fund Plc";"SEI Global Master Fund Plc";"DUBLIN 2";"Ierland"
"Select Equities";"Select Equities";"LUXEMBURG";"Luxemburg"
"Selectra Investments SICAV";"Selectra Investments SICAV";"LUXEMBURG";"Luxemburg"
"Selectum Stock Picking Fund";"Selectum Stock Picking Fund";"LUXEMBURG";"Luxemburg"
"Serviced Platform Sicav";"Serviced Platform Sicav";"LUXEMBURG";"Luxemburg"
"SF (Lux) Sicav 1";"SF (Lux) Sicav 1";"LUXEMBURG";"Luxemburg"
"SGAM Invest Total Return Credit";"SGAM Invest Total Return Credit";"COURBEVOIE";"Frankrijk"
"Shenkman Credit Fund plc";"Shenkman Credit Fund plc";"DUBLIN 2";"Ierland"
"Short-Term Investments Company (Global Series) plc";"Short-Term Investments Company (Global Series) plc";"DUBLIN 2";"Ierland"
"Skagen AS";"Skagen AS";"STAVANGER";"Noorwegen"
"SKAGEN Avkastning";"SKAGEN Avkastning";"STAVANGER";"Noorwegen"
"Skagen Credit EUR Verdipapirfond";"Skagen Credit EUR Verdipapirfond";"Stavanger";"Noorwegen"
"Skagen Focus Verdipapirfond";"Skagen Focus Verdipapirfond";"Stavanger";"Noorwegen"
"SKAGEN Global";"SKAGEN Global";"STAVANGER";"Noorwegen"
"SKAGEN Global II";"SKAGEN Global II";"STAVANGER";"Noorwegen"
"SKAGEN Kon-Tiki";"SKAGEN Kon-Tiki";"STAVANGER";"Noorwegen"
"SKAGEN m2";"SKAGEN m2";"STAVANGER";"Noorwegen"
"SKAGEN Tellus";"SKAGEN Tellus";"STAVANGER";"Noorwegen"
"SKAGEN Vekst";"SKAGEN Vekst";"STAVANGER";"Noorwegen"
"Sky Harbor Global Funds";"Sky Harbor Global Funds";"LUXEMBURG";"Luxemburg"
"Skyline Umbrella Fund ICAV";"Skyline Umbrella Fund ICAV";"Dublin 2";"Ierland"
"Societe Generale Gestion ";"Societe Generale Gestion";"PARIJS";"Frankrijk"
"Solys";"Solys";"LUXEMBURG";"Luxemburg"
"Source CSOP Markets plc";"Source CSOP Markets plc";"DUBLIN 2";"Ierland"
"Sparinvest Sicav";"Sparinvest Sicav";"LUXEMBURG";"Luxemburg"
"SPARX Funds plc";"SPARX Funds plc";"Dublin 2";"Ierland"
"SPDR ® ETFs";"SPDR ® ETFs";"PARIJS LA DEFENSE CEDEX";"Frankrijk"
"SphereInvest Global UCITS SICAV plc";"SphereInvest Global UCITS SICAV plc";"Valletta";"Malta"
"SSgA Investment Funds SICAV";"SSgA Investment Funds SICAV";"PARIJS LA DÉFENSE CEDEX";"Frankrijk"
"SSgA SPDR ETFs Europe I plc";"SSgA SPDR ETFs Europe I plc";"DUBLIN 2";"Ierland"
"SSgA SPDR ETFs Europe II plc";"SSgA SPDR ETFs Europe II plc";"DUBLIN 2";"Ierland"
"Standard Life Investments (Global Liquidity Funds) plc";"Standard Life Investments (Global Liquidity Funds) plc";"DUBLIN 1";"Ierland"
"Standard Life Investments Global SICAV";"Standard Life Investments Global SICAV";"BERTRANGE";"Luxemburg"
"Standard Life Investments Global SICAV II";"Standard Life Investments Global SICAV II";"Luxemburg";"Luxemburg"
"Standard Master Funds Plc.";"Standard Master Funds Plc.";"DUBLIN 2";"Ierland"
"State Street Global Advisors France SA";"State Street Global Advisors France SA";"PARIS";"Frankrijk"
"State Street Global Advisors Luxembourg SICAV";"State Street Global Advisors Luxembourg SICAV";"LUXEMBURG";"Luxemburg"
"State Street Global EMU Government Bond Index Fund I.";"State Street Global EMU Government Bond Index Fund I.";"PARIJS";"Frankrijk"
"State Street ICAV";"State Street ICAV";"DUBLIN 2";"Ierland"
"State Street Liquidity plc";"State Street Liquidity plc";"DUBLIN 2";"Ierland"
"Stone Harbor Investment Funds plc";"Stone Harbor Investment Funds plc";"DUBLIN 2";"Ierland"
"Storebrand Asset Management AS";"Storebrand Asset Management AS";"Lysaker";"Noorwegen"
"Storebrand Global ESG";"Storebrand Global ESG";"Lysaker";"Noorwegen"
"Storebrand Global ESG Plus";"Storebrand Global ESG Plus";"Lysaker";""
"Storebrand Global Multifactor";"Storebrand Global Multifactor";"Lysaker";"Noorwegen"
"Storebrand Global Solutions";"Storebrand Global Solutions";"Lysaker";"Noorwegen"
"Storebrand Global Value";"Storebrand Global Value";"Lysaker";""
"Storebrand SICAV";"Storebrand SICAV";"Senningerberg";"Luxemburg"
"Strategic Active Trading Funds Plc";"Strategic Active Trading Funds Plc";"Dublin 2";"Ierland"
"Stratton Street UCITS";"Stratton Street UCITS";"LUXEMBURG";"Luxemburg"
"Structured Investments SICAV";"Structured Investments SICAV";"HESPERANGE";"Luxemburg"
"Svenska Selection Fund";"Svenska Selection Fund";"LUXEMBURG";"Luxemburg"
"Swisscanto (LU)";"Swisscanto (LU)";"Luxemburg";"Luxemburg"
"Swisscanto (LU) Bond Fund";"Swisscanto (LU) Bond Fund";"Luxemburg";"Luxemburg"
"Swisscanto (LU) Equity Fund";"Swisscanto (LU) Equity Fund";"Luxemburg";"Luxemburg"
"Swisscanto (LU) Portfolio Fund";"Swisscanto (LU) Portfolio Fund";"Luxemburg";"Luxemburg"
"Sycomore Eurocap";"Sycomore Eurocap";"PARIJS";"Frankrijk"
"Sycomore L/S Opportunities";"Sycomore L/S Opportunities";"PARIJS";"Frankrijk"
"Sycomore Partners";"Sycomore Partners";"Parijs";"Frankrijk"
"Sycomore Selection Responsable";"Sycomore Selection Responsable";"Parijs";"Frankrijk"
"Syquant  Capital - Helium Opportunités";"Syquant  Capital - Helium Opportunités";"PARIJS";"Frankrijk"
"Systematica UCITS Fund ICAV";"Systematica UCITS Fund ICAV";"DUBLIN 2";"Ierland"
"T. Rowe Price (Luxembourg) Management S.A.R.L.";"T. Rowe Price (Luxembourg) Management S.A.R.L.";"Luxembourg";""
"T. Rowe Price Funds SICAV";"T. Rowe Price Funds SICAV";"LUXEMBURG";"Luxemburg"
"Tabula ICAV";"Tabula ICAV";"Dublin 1";"Ierland"
"Thames River Traditional Fund";"Thames River Traditional Fund";"DUBLIN 2";"Ierland"
"Thames River Traditional Multi Funds plc";"Thames River Traditional Multi Funds plc";"DUBLIN 2";"Ierland"
"The Arrowstreet Common Contractual Fund";"The Arrowstreet Common Contractual Fund";"DUBLIN 1";"Ierland"
"The Blue Fund Sicav";"The Blue Fund Sicav";"Luxemburg";"Luxemburg"
"The Colchester Multi-Strategy Global Bond Fund";"The Colchester Multi-Strategy Global Bond Fund";"Dublin 2";"Ierland"
"The Jupiter Global Fund";"The Jupiter Global Fund";"LUXEMBURG";"Luxemburg"
"The Stralem Fund";"The Stralem Fund";"LUXEMBURG";"Luxemburg"
"Theam Quant";"Theam Quant";"Luxemburg";"Luxemburg"
"Theam Quant Commodities Oscillator Core";"Theam Quant Commodities Oscillator Core";"PARIJS";"Frankrijk"
"Theam Quant Dispersion US";"Theam Quant Dispersion US";"Parijs";"Frankrijk"
"Theam Quant Europe Climate Carbon Offset Plan";"Theam Quant Europe Climate Carbon Offset Plan";"Parijs";"Frankrijk"
"Thornburg Global Investment plc";"Thornburg Global Investment plc";"Dublin 2";"Ierland"
"Threadneedle (Lux)";"Threadneedle (Lux)";"LUXEMBURG";"Luxemburg"
"Threadneedle Investment Funds ICVC";"Threadneedle Investment Funds ICVC";"LONDON";"Verenigd Koninkrijk"
"Threadneedle Management Luxembourg S.A.";"Threadneedle Management Luxembourg S.A.";"Luxemburg";"Luxemburg"
"Threadneedle Specialist Investment Funds ICVC";"Threadneedle Specialist Investment Funds ICVC";"LONDON";"Verenigd Koninkrijk"
"TOBAM";"TOBAM";"Parijs";"Frankrijk"
"Torrus Fund Sicav";"Torrus Fund Sicav";"LUXEMBURG";"Luxemburg"
"Traditional Funds plc";"Traditional Funds plc";"DUBLIN 2";"Ierland"
"Transpacific Fund";"Transpacific Fund";"LUXEMBURG";"Luxemburg"
"Transtrend B.V.";"Transtrend B.V.";"Rotterdam";"Nederland"
"TreeTop Convertible SICAV";"TreeTop Convertible SICAV";"LUXEMBURG";"Luxemburg"
"TreeTop Global SICAV";"TreeTop Global SICAV";"LUXEMBURG";"Luxemburg"
"Trésorerie Plus Garanti";"Trésorerie Plus Garanti";"COURBEVOIE";"Frankrijk"
"Triodos Investment Management B.V.";"Triodos Investment Management B.V.";"Zeist";"Nederland"
"Triodos SICAV I";"Triodos SICAV I, Triodos SICAV I";"Zeist";"Luxemburg"
"Trium UCITS Platform plc";"Trium UCITS Platform plc";"Dublin 2";"Ierland"
"TT International Funds plc";"TT International Funds plc";"DUBLIN 1";"Ierland"
"TÜRKISFUND SICAV";"TÜRKISFUND SICAV";"LUXEMBURG";"Luxemburg"
"Twelve Capital Fund";"Twelve Capital Fund";"Luxemburg";"Luxemburg"
"U Access";"U Access";"LUXEMBURG";"Luxemburg"
"U Access (Ireland) UCITS plc";"U Access (Ireland) UCITS plc";"Dublin 2";"Ierland"
"UBAM SICAV";"UBAM SICAV";"LUXEMBURG";"Luxemburg"
"UBS (IrI) ETF Plc";"UBS (IrI) ETF Plc";"DUBLIN 2";"Ierland"
"UBS (Irl) Alternative Solutions plc";"UBS (Irl) Alternative Solutions plc";"DUBLIN 2";"Ierland"
"UBS (Irl) Fund plc";"UBS (Irl) Fund plc";"DUBLIN 2";"Ierland"
"UBS (Irl) Investor Selection Plc";"UBS (Irl) Investor Selection Plc";"DUBLIN 2";"Ierland"
"UBS (Lux) Bond Fund";"UBS (Lux) Bond Fund";"LUXEMBURG";"Luxemburg"
"UBS (Lux) Bond Sicav";"UBS (Lux) Bond Sicav";"LUXEMBURG";"Luxemburg"
"UBS (Lux) Emerging Economies Fund";"UBS (Lux) Emerging Economies Fund";"LUXEMBURG";"Luxemburg"
"UBS (Lux) Equity Fund";"UBS (Lux) Equity Fund";"LUXEMBURG";"Luxemburg"
"UBS (Lux) Equity Fund 2";"UBS (Lux) Equity Fund 2";"LUXEMBURG";"Luxemburg"
"UBS (Lux) Equity SICAV";"UBS (Lux) Equity SICAV";"LUXEMBURG";"Luxemburg"
"UBS (Lux) Key Selection SICAV";"UBS (Lux) Key Selection SICAV";"LUXEMBURG";"Luxemburg"
"UBS (Lux) Medium Term Bond Fund";"UBS (Lux) Medium Term Bond Fund";"LUXEMBURG";"Luxemburg"
"UBS (Lux) Money Market Fund";"UBS (Lux) Money Market Fund";"LUXEMBURG";"Luxemburg"
"UBS (Lux) Money Market Sicav";"UBS (Lux) Money Market Sicav";"LUXEMBURG";"Luxemburg"
"UBS (Lux) Sicav 1";"UBS (Lux) Sicav 1";"LUXEMBURG";"Luxemburg"
"UBS (LUX) Sicav 2";"UBS (LUX) Sicav 2";"Luxemburg";"Luxemburg"
"UBS (Lux) Strategy Fund";"UBS (Lux) Strategy Fund";"LUXEMBURG";"Luxemburg"
"UBS (Lux) Strategy Sicav";"UBS (Lux) Strategy Sicav";"LUXEMBURG";"Luxemburg"
"UBS Common Contractual Fund";"UBS Common Contractual Fund";"Luxembourg";"Luxemburg"
"UBS ETF SICAV";"UBS ETF SICAV";"KIRCHBERG";"Luxemburg"
"UBS ETFs plc";"UBS ETFs plc";"DUBLIN";"Ierland"
"UBS Forwards Arbitrage Strategy Fund (FAST Fund) I plc";"UBS Forwards Arbitrage Strategy Fund (FAST Fund) I plc";"DUBLIN 2";"Ierland"
"UI";"UI";"Luxemburg";"Luxemburg"
"Ulysses";"Ulysses";"Luxemburg";"Luxemburg"
"UniDeutschland XS";"UniDeutschland XS";"FRANKFURT AM MAIN";"Duitsland"
"Unieurorenta Corporates";"Unieurorenta Corporates";"LUXEMBURG";"Luxemburg"
"UniFavorit: Aktien";"UniFavorit: Aktien";"FRANKFURT AM MAIN";"Duitsland"
"Uni-Global";"Uni-Global";"LUXEMBURG";"Luxemburg"
"UniInstitutional Euro Reserve Plus";"UniInstitutional Euro Reserve Plus";"Frankfurt am Main";"Duitsland"
"UniInstitutional European Equities Concentrated";"UniInstitutional European Equities Concentrated";"LUXEMBURG";"Luxemburg"
"UniInstitutional Global Corporate Bonds";"UniInstitutional Global Corporate Bonds";"FRANKFURT AM MAIN";"Duitsland"
"UniInstitutional Global High Dividend Equities";"UniInstitutional Global High Dividend Equities";"FRANKFURT AM MAIN";"Duitsland"
"UniInstitutional Premium Corporate Bonds";"UniInstitutional Premium Corporate Bonds";"FRANKFURT AM MAIN";"Duitsland"
"Uniinstitutional SDG Equities";"Uniinstitutional SDG Equities";"Luxemburg";""
"UniInstitutional Short Term Credit";"UniInstitutional Short Term Credit";"LUXEMBURG";"Luxemburg"
"UniInstitutional Structured Credit High Yield";"UniInstitutional Structured Credit High Yield";"LUXEMBURG";"Luxemburg"
"Union Bancaire Gestion Institutionnelle";"Union Bancaire Gestion Institutionnelle";"PARIJS";"Frankrijk"
"Union Investment Institutional GmbH";"Union Investment Institutional GmbH";"Frankfurt am Main";"Duitsland"
"UOB Global Strategies Funds Plc";"UOB Global Strategies Funds Plc";"DUBLIN 2";"Ierland"
"UTI Goldfinch Funds plc";"UTI Goldfinch Funds plc";"Dublin 2 ";"Ierland"
"UTI Indian Fixed Income Fund plc";"UTI Indian Fixed Income Fund plc";"Dublin 2";"Ierland"
"Value Square Fund";"Value Square Fund";"GENT";"België"
"Valueinvest LUX";"Valueinvest LUX";"LUXEMBURG";"Luxemburg"
"Van Lanschot BEVEK NV";"Van Lanschot BEVEK NV";"ANTWERPEN";"België"
"VanEck Asset Management B.V.";"VanEck Asset Management B.V., VanEck Asset Management B.V.";"Amsterdam";"Nederland"
"VanEck ICAV";"VanEck ICAV";"LUXEMBURG";"Luxemburg"
"VanEck Vectors? UCITS ETFs plc.";"VanEck Vectors? UCITS ETFs plc.";"DUBLIN 1";"Ierland"
"Vanguard Common Contractual Fund";"Vanguard Common Contractual Fund";"Dublin 2";"Ierland"
"Vanguard Funds Plc";"Vanguard Funds Plc";"DUBLIN 2";"Ierland"
"Vanguard Group (Ireland) Limited";"Vanguard Group (Ireland) Limited";"Dublin";"Ierland"
"Vanguard Investment Series Plc";"Vanguard Investment Series Plc";"DUBLIN 1";"Ierland"
"Vanguard Investments Common Contractual Fund";"Vanguard Investments Common Contractual Fund";"Dublin 2";"Ierland"
"Vanguard Investments II Common Contractuel Fund";"Vanguard Investments II Common Contractuel Fund";"Dublin 2";"Ierland"
"Variopartner SICAV";"Variopartner SICAV";"LUXEMBURG";"Luxemburg"
"Verrazzano SICAV";"Verrazzano SICAV";"Parijs";"Frankrijk"
"Vietnam Emerging Market Fund SICAV";"Vietnam Emerging Market Fund SICAV";"LUXEMBOURG-STRASSEN";"Luxemburg"
"Vontobel Fund";"Vontobel Fund";"LUXEMBURG";"Luxemburg"
"Vontobel Fund II";"Vontobel Fund II";"Luxemburg";"Luxemburg"
"Vulcan Global Value Fund plc";"Vulcan Global Value Fund plc";"DUBLIN 2";"Ierland"
"W.P. Stewart Quality Growth Funds";"W.P. Stewart Quality Growth Funds";"Luxemburg";"Luxemburg"
"Wellington Management Funds (Ireland) plc";"Wellington Management Funds (Ireland) plc";"DUBLIN 1";"Ierland"
"Wellington Management Funds (Luxembourg)";"Wellington Management Funds (Luxembourg)";"LUXEMBURG";"Luxemburg"
"Wellington Management Portfolios (Dublin) plc.";"Wellington Management Portfolios (Dublin) plc.";"DUBLIN 1";"Ierland"
"Wells Fargo (Lux) Worldwide Fund";"Wells Fargo (Lux) Worldwide Fund";"HESPERANGE";"Luxemburg"
"Wells Fargo Asset Management Luxembourg S.A.";"Wells Fargo Asset Management Luxembourg S.A.";"LUXEMBURG";"Luxemburg"
"Westwood Investment Funds plc";"Westwood Investment Funds plc";"Dublin 1";"Ierland"
"WinFund";"WinFund";"LUXEMBURG";"Luxemburg"
"Winton UCITS Funds ICAV";"Winton UCITS Funds ICAV";"Dublin 2";"Ierland"
"WisdomTree Issuer plc";"WisdomTree Issuer plc";"DUBLIN 2";"Ierland"
"Wiséam";"Wiséam";"Neuilly-sur-Seine";"Frankrijk"
"Worldwide Investors Portfolio";"Worldwide Investors Portfolio";"LUXEMBURG";"Luxemburg"
"Xtrackers";"Xtrackers";"LUXEMBURG";"Luxemburg"
"Xtrackers (IE) plc";"Xtrackers (IE) plc";"DUBLIN 2";"Ierland"
"Xtrackers II";"Xtrackers II";"LUXEMBURG";"Luxemburg"
"Yield Alpha Fund";"Yield Alpha Fund";"PARIJS";"Frankrijk"

"Disclaimer CSV"
"Datum laatste update 04 Dec 2019"
